,jpy,can,cny,interest,inflation
0,91.12,1.2101,6.8225,2.46,0.17
1,93.2,1.192,6.83,2.49,0.15
2,94.2,1.1822,6.836,2.51,0.42
3,92.7,1.185,6.833,2.52,0.47
4,91.15,1.189,6.8342,2.47,0.5
5,90.25,1.192,6.835,2.43,0.56
6,88.92,1.2075,6.8362,2.34,0.59
7,89.65,1.2255,6.8341,2.33,0.59
8,89.28,1.2373,6.8347,2.24,0.45
9,89.59,1.2623,6.8363,2.23,0.45
10,90.29,1.254,6.8369,2.36,0.55
12,90.19,1.2604,6.8403,2.4,0.58
13,87.8,1.2749,6.8392,2.56,0.58
14,88.64,1.2624,6.837,2.62,0.65
15,88.72,1.2478,6.8392,2.65,0.72
16,89.25,1.22,6.8392,2.7,0.78
17,88.99,1.2292,6.8392,2.59,0.82
18,88.87,1.2096,6.8392,2.71,0.9
19,89.77,1.2187,6.8392,2.87,1.04
20,89.83,1.2365,6.8392,2.87,1.14
21,89.86,1.2408,6.847,2.76,1.07
22,89.09,1.2334,6.8399,2.89,1.13
23,89.53,1.2268,6.8335,2.95,1.17
24,91.01,1.2307,6.8355,2.95,1.11
25,91.95,1.2388,6.8338,3.05,1.23
26,91.47,1.219,6.8392,3.07,1.41
27,90.65,1.2332,6.8241,2.9,1.25
28,90.66,1.2418,6.8332,2.78,1.12
29,90.55,1.2478,6.8345,2.75,1.14
30,91.84,1.2435,6.8392,2.89,1.21
32,92.17,1.2606,6.8355,2.64,1.11
33,93.81,1.2592,6.8378,2.74,1.11
34,94.09,1.259,6.8348,2.85,1.12
35,93.87,1.2543,6.8367,2.78,1.11
36,94.63,1.2508,6.8355,2.78,1.08
37,96.6,1.2468,6.8368,2.8,0.98
38,97.33,1.2558,6.8369,2.95,0.97
39,98.55,1.2455,6.8361,2.98,0.96
40,97.74,1.271,6.8395,3.02,0.96
41,97.17,1.2891,6.8438,2.91,0.91
42,98.16,1.2937,6.8413,2.93,0.91
43,99.34,1.2768,6.8432,3.01,0.92
44,98.32,1.2875,6.8406,2.83,0.85
45,97.88,1.2865,6.8395,2.83,0.81
46,98.87,1.2995,6.8398,2.89,0.83
47,98.39,1.2796,6.841,2.99,0.84
48,97.74,1.2808,6.8399,2.95,0.92
49,97.86,1.2909,6.8383,2.89,1.01
50,98.04,1.2752,6.838,2.89,1.02
51,98.17,1.2723,6.8381,2.97,1.09
52,98.85,1.2717,6.8369,3.02,1.12
53,98.08,1.2715,6.8347,2.51,1.23
54,93.85,1.2336,6.824,2.61,1.3
55,96.18,1.237,6.8277,2.65,1.22
56,97.3,1.2322,6.8335,2.68,1.28
57,97.86,1.2263,6.8294,2.68,1.32
58,97.7,1.2245,6.8304,2.81,1.37
59,98.47,1.2327,6.832,2.76,1.46
60,97.99,1.2392,6.831,2.78,1.4
61,97.44,1.2582,6.836,2.73,1.34
62,99.15,1.2606,6.8329,2.71,1.28
63,98.93,1.264,6.8339,2.68,1.31
64,99.48,1.238,6.834,2.77,1.33
65,99.94,1.2335,6.8343,2.91,1.38
66,100.65,1.2427,6.8343,2.95,1.43
67,100.71,1.2339,6.8361,2.93,1.32
68,99.95,1.2353,6.835,2.86,1.29
69,100.43,1.2273,6.834,2.96,1.34
71,100.12,1.221,6.8347,2.88,1.33
72,99.08,1.2093,6.832,2.8,1.28
73,99.37,1.204,6.8321,2.82,1.27
74,99.29,1.2062,6.8316,2.86,1.27
75,99.21,1.2146,6.8325,2.98,1.28
76,98.29,1.2338,6.8331,2.88,1.22
77,98.6,1.2373,6.8254,2.94,1.25
78,98.14,1.2361,6.8296,2.98,1.33
79,97.88,1.2291,6.8265,2.96,1.44
80,97.08,1.2095,6.825,3.03,1.5
81,96.57,1.2106,6.827,2.95,1.47
82,96.49,1.2238,6.8266,3.05,1.51
83,96.97,1.2008,6.8243,3.12,1.53
84,98.76,1.1939,6.818,3.16,1.47
85,99.24,1.1868,6.818,3.21,1.41
86,99.12,1.1779,6.8223,3.19,1.42
87,98.76,1.1758,6.8185,3.2,1.43
88,98.6,1.1726,6.8176,3.18,1.44
89,99,1.1714,6.8215,3.29,1.55
90,99.01,1.158,6.82,3.29,1.52
91,97.45,1.1591,6.823,3.17,1.47
92,96.59,1.1671,6.821,3.17,1.48
93,95.75,1.1686,6.822,3.11,1.44
94,95.62,1.1726,6.8248,3.1,1.42
95,94.89,1.1756,6.8225,3.14,1.48
96,96.05,1.1656,6.8265,3.22,1.56
97,96.1,1.1567,6.8245,3.25,1.6
98,95.16,1.1434,6.8248,3.19,1.63
99,94.97,1.1412,6.8245,3.35,1.68
100,94.45,1.1234,6.8227,3.45,1.73
102,94.81,1.1199,6.8326,3.5,1.78
103,95.01,1.112,6.8272,3.71,1.88
104,96.76,1.1123,6.8278,3.67,1.8
105,95.55,1.0957,6.8278,3.47,1.8
106,96.53,1.087,6.8264,3.71,1.91
107,95.72,1.0828,6.8305,3.65,1.96
108,95.72,1.0973,6.829,3.56,1.88
109,96.37,1.0997,6.8331,3.72,1.89
110,98.18,1.1144,6.8329,3.84,1.96
111,98.56,1.1228,6.8371,3.91,1.97
112,97.6,1.1042,6.8353,3.86,1.98
113,98.13,1.11,6.833,3.98,2.07
114,97.83,1.0977,6.8358,3.88,1.99
115,98.17,1.117,6.8352,3.81,1.9
116,98.03,1.1338,6.8361,3.76,1.86
117,96.26,1.1325,6.8338,3.67,1.79
118,95.65,1.1371,6.8364,3.68,1.73
119,96.36,1.1273,6.8344,3.86,1.88
120,96.15,1.1287,6.836,3.79,1.88
121,95.9,1.1547,6.834,3.72,1.83
122,95.32,1.1557,6.8346,3.65,1.81
123,95.38,1.1462,6.8307,3.72,1.79
124,96.21,1.1576,6.8344,3.55,1.73
125,95.19,1.1527,6.833,3.52,1.67
126,95.84,1.158,6.8334,3.51,1.68
127,96.42,1.1626,6.8302,3.53,1.75
128,96.41,1.1446,6.8331,3.55,1.72
129,95.9,1.16,6.8312,3.51,1.64
131,95,1.1608,6.8342,3.52,1.49
132,95.11,1.163,6.8326,3.47,1.6
133,92.9,1.165,6.8323,3.33,1.54
134,92.79,1.1623,6.8317,3.44,1.57
135,92.33,1.1649,6.8325,3.32,1.52
136,92.74,1.1541,6.8326,3.38,1.54
137,93.03,1.1401,6.833,3.5,1.64
138,94.09,1.1192,6.8315,3.63,1.76
139,93.59,1.1172,6.831,3.59,1.77
140,94.08,1.1168,6.8309,3.67,1.86
141,94.52,1.1065,6.8303,3.61,1.88
142,93.36,1.1077,6.83,3.5,1.79
143,93.77,1.098,6.8305,3.58,1.83
144,94.75,1.0867,6.8308,3.72,1.92
145,94.86,1.0843,6.8313,3.7,1.89
146,95.32,1.0833,6.8312,3.75,1.9
147,94.6,1.0802,6.8308,3.72,1.86
148,95.13,1.0881,6.8314,3.69,1.85
149,95.67,1.0814,6.8321,3.67,1.89
150,94.54,1.0791,6.8319,3.52,1.81
151,95.23,1.065,6.8308,3.66,1.88
152,95.41,1.0685,6.8302,3.7,1.89
153,94.98,1.0722,6.8307,3.8,1.95
154,95.56,1.076,6.8312,3.79,1.92
155,97.65,1.0838,6.8316,3.89,2.01
156,97.23,1.0848,6.8341,3.8,1.97
157,95.94,1.0987,6.8349,3.71,1.91
158,96.16,1.0875,6.8349,3.72,1.88
159,95.46,1.0881,6.8336,3.59,1.79
160,94.64,1.0973,6.8341,3.55,1.7
161,94.33,1.1077,6.8358,3.48,1.69
162,94.72,1.1097,6.8337,3.51,1.73
163,93.87,1.0968,6.834,3.45,1.75
164,94.12,1.0902,6.8317,3.42,1.82
165,94.6,1.0799,6.8313,3.56,1.87
166,94.47,1.074,6.8308,3.48,1.81
167,94.28,1.0727,6.8318,3.45,1.73
168,94.25,1.0988,6.8309,3.44,1.72
169,93.57,1.0961,6.8316,3.47,1.72
170,93.55,1.0875,6.83,3.46,1.7
171,92.82,1.0967,6.8299,3.4,1.64
172,93.09,1.1028,6.8295,3.38,1.64
173,92.43,1.106,6.8303,3.29,1.58
174,92.54,1.1034,6.8298,3.33,1.64
175,92.75,1.0894,6.8293,3.45,1.75
177,92.21,1.0762,6.827,3.47,1.81
178,91.85,1.0783,6.8286,3.48,1.82
179,91.86,1.0811,6.8291,3.36,1.77
180,90.3,1.0742,6.828,3.34,1.75
181,90.85,1.0859,6.8282,3.42,1.77
182,90.95,1.076,6.8289,3.47,1.83
183,91,1.0662,6.8247,3.48,1.86
184,91.15,1.0615,6.8262,3.42,1.8
185,91.31,1.0721,6.827,3.49,1.81
186,91.87,1.0775,6.8287,3.49,1.8
187,91.08,1.0683,6.8268,3.46,1.81
188,91.45,1.0722,6.8254,3.44,1.81
189,91.16,1.0864,6.8263,3.4,1.76
190,89.83,1.0918,6.8273,3.34,1.74
191,89.34,1.086,6.8265,3.31,1.74
192,90.26,1.0872,6.8273,3.31,1.72
193,89.49,1.0719,6.8262,3.31,1.75
194,89.73,1.0773,6.826,3.21,1.71
195,89.62,1.0843,6.826,3.24,1.7
196,89.56,1.0755,6.826,3.24,1.73
197,88.77,1.057,6.826,3.27,1.74
198,88.76,1.0619,6.826,3.21,1.76
199,88.44,1.0533,6.826,3.27,1.78
200,89.69,1.0425,6.8248,3.4,1.84
202,89.71,1.0297,6.8264,3.34,1.88
203,89.44,1.0289,6.8261,3.45,1.94
204,90.39,1.0304,6.827,3.49,1.99
205,90.73,1.0389,6.8266,3.43,1.98
206,90.72,1.0307,6.8266,3.41,2.03
207,90.83,1.0494,6.8254,3.35,1.98
208,91.04,1.0413,6.8272,3.42,1.99
209,91.42,1.0476,6.8287,3.44,1.95
210,91.88,1.0507,6.828,3.51,2
211,91.96,1.0618,6.8278,3.59,2
212,92.04,1.0644,6.8292,3.49,2
213,91.07,1.0757,6.827,3.44,1.96
214,91.41,1.0702,6.8269,3.53,2.03
215,90.5,1.0767,6.8264,3.41,2
216,90.56,1.0742,6.8268,3.45,2.04
217,90.3,1.0701,6.8278,3.5,2.05
218,90.96,1.0644,6.8265,3.57,2.12
219,90.45,1.0649,6.8269,3.57,2.16
220,89.86,1.0717,6.8266,3.54,2.17
221,89.92,1.0563,6.8261,3.52,2.22
222,89.82,1.0516,6.8255,3.5,2.19
224,90.4,1.0513,6.8267,3.45,2.12
225,89.55,1.05,6.826,3.43,2.12
226,89.28,1.0458,6.8263,3.33,2.12
227,89.41,1.0589,6.826,3.33,2.13
228,89.36,1.0496,6.8269,3.36,2.15
229,88.95,1.0634,6.8283,3.35,2.14
230,88.9,1.0698,6.8277,3.36,2.15
231,89.14,1.055,6.83,3.37,2.17
232,88.58,1.0608,6.8292,3.32,2.11
233,87.65,1.0499,6.8272,3.28,2.12
235,86.87,1.062,6.8272,3.21,2.06
236,86.12,1.057,6.8265,3.21,2.08
237,86.62,1.043,6.827,3.28,2.14
238,87.13,1.0465,6.826,3.32,2.14
239,88.2,1.0539,6.8269,3.39,2.15
240,89.87,1.0515,6.8261,3.48,2.14
241,89.44,1.0508,6.8288,3.44,2.13
242,88.41,1.0599,6.8275,3.4,2.09
243,87.83,1.055,6.8275,3.45,2.09
244,88.2,1.0518,6.8264,3.49,2.09
245,89.23,1.0583,6.8269,3.55,2.14
246,88.65,1.059,6.8281,3.56,2.19
247,89.91,1.0622,6.827,3.6,2.23
248,89.52,1.0579,6.8279,3.61,2.27
249,90.35,1.0713,6.8286,3.5,2.22
250,90.47,1.0679,6.828,3.55,2.24
251,90.95,1.0592,6.8284,3.69,2.3
252,91.67,1.0555,6.8285,3.76,2.33
253,91.52,1.0476,6.8282,3.77,2.31
254,91.69,1.0485,6.8271,3.82,2.32
256,91.57,1.043,6.8299,3.85,2.35
257,91.95,1.04,6.8289,3.82,2.36
258,92.66,1.0523,6.8244,3.8,2.36
259,93.08,1.0461,6.8259,3.85,2.37
261,92.55,1.0377,6.8273,3.85,2.38
262,91.48,1.0371,6.8258,3.77,2.34
263,92.53,1.0333,6.8272,3.85,2.37
264,93.31,1.0351,6.828,3.85,2.41
265,92.7,1.0345,6.8274,3.83,2.42
266,91.9,1.0317,6.8263,3.85,2.38
267,90.95,1.0374,6.8267,3.74,2.39
268,91.38,1.0319,6.8295,3.8,2.37
269,91.03,1.026,6.8265,3.76,2.36
270,90.79,1.0287,6.8269,3.7,2.36
272,91.13,1.0325,6.8268,3.73,2.38
273,91.23,1.0477,6.8258,3.68,2.37
274,90.25,1.0483,6.8268,3.62,2.33
275,90.07,1.0561,6.827,3.62,2.31
276,90.12,1.0582,6.8268,3.66,2.33
277,89.63,1.0669,6.8263,3.65,2.34
278,89.41,1.0657,6.8268,3.66,2.31
279,90.08,1.0584,6.8267,3.68,2.33
280,90.38,1.0652,6.8268,3.63,2.33
281,90.8,1.0651,6.826,3.68,2.39
282,90.39,1.0607,6.827,3.67,2.41
283,91.11,1.0608,6.826,3.73,2.43
284,89.11,1.0735,6.828,3.62,2.35
285,89.25,1.0727,6.8275,3.59,2.27
286,89.32,1.0692,6.8265,3.62,2.27
287,89.45,1.069,6.8267,3.67,2.3
288,89.88,1.0667,6.828,3.72,2.28
289,89.82,1.0522,6.8328,3.73,2.26
290,90,1.0529,6.8326,3.69,2.23
292,90.46,1.0427,6.8326,3.66,2.24
293,90.79,1.0455,6.8326,3.74,2.28
294,91.43,1.045,6.833,3.79,2.31
295,91.94,1.0419,6.829,3.78,2.26
296,91.11,1.0428,6.8264,3.8,2.25
297,90.04,1.0517,6.8267,3.69,2.19
298,90.06,1.0551,6.8269,3.7,2.19
299,88.85,1.0675,6.8267,3.64,2.13
300,88.84,1.052,6.8258,3.61,2.13
301,89.28,1.0421,6.8263,3.61,2.15
302,88.95,1.0325,6.8265,3.62,2.16
303,88.43,1.0286,6.8258,3.63,2.17
304,89.02,1.0307,6.8258,3.61,2.17
305,90.32,1.0284,6.826,3.69,2.21
306,90.3,1.0286,6.8261,3.72,2.23
307,89.89,1.0249,6.8263,3.71,2.23
308,90.62,1.0241,6.8259,3.73,2.24
309,90.6,1.0262,6.8266,3.73,2.24
310,90.46,1.0187,6.8254,3.71,2.26
311,90.45,1.0216,6.8259,3.71,2.25
312,90.43,1.0147,6.8257,3.66,2.24
313,90.42,1.011,6.8259,3.65,2.25
314,90.46,1.0139,6.8261,3.68,2.23
315,90.5,1.0153,6.8265,3.7,2.2
316,90.02,1.0193,6.8266,3.67,2.19
317,90.24,1.0176,6.8263,3.69,2.2
318,91.89,1.0268,6.8266,3.84,2.24
319,92.69,1.0188,6.827,3.91,2.26
320,92.56,1.0283,6.8269,3.86,2.24
321,92.65,1.0201,6.8264,3.88,2.22
322,92.89,1.0189,6.8258,3.88,2.22
323,93.4,1.0156,6.8258,3.84,2.24
324,93.83,1.0073,6.8263,3.89,2.28
325,94.51,1.011,6.8255,3.96,2.27
326,94.28,1.0025,6.8256,4.01,2.31
327,93.81,1.0001,6.825,3.98,2.3
328,93.59,1.0028,6.8254,3.89,2.34
329,93.16,1.0019,6.824,3.91,2.33
330,93.28,1.0055,6.8229,3.9,2.34
331,93.21,1.0015,6.8252,3.87,2.35
332,92.78,1.0029,6.8255,3.84,2.34
333,93.01,0.996,6.8258,3.88,2.34
334,93.04,1.0013,6.826,3.86,2.37
335,92.03,1.0145,6.8253,3.79,2.33
336,92.18,1.0199,6.8262,3.83,2.34
337,93.28,0.9984,6.8253,3.82,2.35
338,93.24,0.9983,6.8275,3.77,2.35
339,93.01,1.0014,6.8263,3.8,2.34
340,94.18,1.0026,6.827,3.84,2.37
341,94.06,1.0009,6.8266,3.83,2.37
342,93.01,1.0169,6.8256,3.71,2.34
343,94.07,1.0125,6.8245,3.8,2.4
344,94.16,1.0052,6.8259,3.76,2.45
345,94.24,1.0112,6.8247,3.69,2.4
346,94.68,1.0134,6.8245,3.72,2.4
347,94.58,1.0215,6.826,3.63,2.32
348,94.3,1.0264,6.8263,3.58,2.28
349,92.22,1.0437,6.8265,3.41,2.16
350,91.67,1.0423,6.8254,3.45,2.15
351,93.39,1.0245,6.8263,3.57,2.24
352,92.83,1.0193,6.8285,3.56,2.25
353,92.93,1.0197,6.827,3.56,2.28
354,92.7,1.0148,6.8278,3.55,2.27
355,91.94,1.0343,6.8263,3.44,2.18
356,92.08,1.04,6.8274,3.47,2.16
357,92.52,1.0329,6.8273,3.38,2.13
358,91.16,1.051,6.8269,3.36,2.04
359,90.07,1.0656,6.8277,3.25,1.89
360,90.21,1.0564,6.8262,3.2,1.87
361,90.49,1.0587,6.8286,3.23,1.88
362,89.89,1.0776,6.831,3.18,1.85
363,90.28,1.0647,6.8292,3.21,1.91
364,90.71,1.0491,6.8296,3.34,2.01
365,90.81,1.0497,6.8305,3.31,1.99
367,91.16,1.0476,6.8275,3.29,1.97
368,92.21,1.0404,6.8296,3.35,1.99
369,92.33,1.0413,6.8283,3.39,2.05
370,91.83,1.0516,6.8268,3.2,1.94
371,92,1.0537,6.8322,3.17,1.92
372,91.3,1.0517,6.8294,3.18,1.89
373,91.54,1.0395,6.8285,3.2,1.92
374,91.04,1.0336,6.8305,3.33,1.98
375,91.72,1.0329,6.832,3.24,1.95
376,91.8,1.0251,6.8323,3.28,1.97
377,91.25,1.0287,6.8323,3.32,2
378,91.39,1.0236,6.8323,3.27,1.99
379,90.92,1.0283,6.829,3.21,1.99
380,90.79,1.0237,6.8267,3.24,1.99
381,91.18,1.0197,6.7968,3.26,2.02
382,90.59,1.0201,6.8127,3.18,1.98
383,89.82,1.039,6.8124,3.13,1.94
384,89.4,1.0429,6.8001,3.14,1.91
385,89.35,1.0369,6.7911,3.12,1.91
386,89.23,1.0337,6.796,3.05,1.88
387,88.39,1.0531,6.7977,2.97,1.83
388,88.49,1.0606,6.7815,2.97,1.82
389,87.42,1.0622,6.7807,2.96,1.75
390,87.69,1.0647,6.7709,3,1.73
392,87.55,1.0497,6.7801,2.95,1.69
393,87.16,1.0525,6.777,3,1.7
394,88.44,1.041,6.7763,3.04,1.79
395,88.48,1.0328,6.772,3.07,1.81
396,88.53,1.0377,6.7709,3.08,1.82
397,88.24,1.0281,6.772,3.15,1.87
398,88.59,1.0304,6.7714,3.07,1.84
399,87.41,1.0401,6.7774,3,1.79
400,86.4,1.0536,6.775,2.96,1.71
401,86.77,1.0557,6.778,2.99,1.7
402,87.22,1.0526,6.7781,2.98,1.7
403,87.3,1.0422,6.7769,2.9,1.71
404,87,1.0373,6.7795,2.96,1.75
405,87.31,1.0376,6.7803,3.02,1.78
406,87.2,1.0312,6.7788,3.03,1.79
407,87.88,1.0357,6.7781,3.08,1.82
408,87.62,1.0356,6.778,3.03,1.81
409,86.87,1.0368,6.776,3.03,1.82
410,86.43,1.0293,6.7735,2.94,1.8
411,86.42,1.0227,6.774,2.99,1.86
412,85.88,1.0219,6.7728,2.94,1.87
413,86.26,1.0184,6.772,2.98,1.86
414,85.83,1.0154,6.7705,2.94,1.87
415,85.25,1.0272,6.768,2.86,1.82
416,85.88,1.0266,6.767,2.86,1.82
417,85.88,1.0347,6.772,2.79,1.84
418,85.36,1.0455,6.7745,2.72,1.77
419,85.83,1.0433,6.7843,2.74,1.69
420,86.2,1.04,6.7957,2.68,1.68
421,85.33,1.0429,6.8038,2.58,1.63
422,85.51,1.0311,6.792,2.64,1.63
423,85.31,1.0286,6.7911,2.64,1.62
424,85.27,1.0397,6.7897,2.58,1.56
425,85.63,1.0499,6.79,2.62,1.57
426,85.16,1.0512,6.7995,2.6,1.55
427,84.16,1.0563,6.7966,2.5,1.49
428,84.56,1.064,6.7995,2.54,1.53
429,84.61,1.0545,6.7998,2.5,1.55
430,85.1,1.0547,6.7977,2.66,1.61
431,84.67,1.0561,6.8029,2.54,1.55
432,84.1,1.064,6.8069,2.47,1.52
433,84.48,1.0497,6.8102,2.58,1.56
434,84.15,1.052,6.807,2.63,1.58
435,84.45,1.0411,6.8014,2.72,1.62
437,83.75,1.0426,6.7906,2.61,1.63
438,83.85,1.0359,6.794,2.66,1.64
439,83.83,1.0323,6.782,2.77,1.72
440,84.13,1.0357,6.769,2.81,1.79
441,83.53,1.0277,6.7595,2.74,1.8
442,83.05,1.0219,6.743,2.68,1.75
443,85.63,1.0281,6.738,2.74,1.77
444,85.72,1.0274,6.725,2.77,1.77
445,85.77,1.0331,6.723,2.75,1.75
446,85.74,1.028,6.7135,2.72,1.78
447,85.36,1.0314,6.7059,2.61,1.83
448,84.37,1.0325,6.7035,2.56,1.82
449,84.32,1.0307,6.7046,2.56,1.79
450,84.24,1.0262,6.7035,2.62,1.81
451,84.17,1.026,6.6911,2.54,1.75
452,83.82,1.0305,6.6904,2.48,1.79
453,83.61,1.03,6.6869,2.52,1.78
454,83.53,1.0293,6.6905,2.53,1.78
455,83.3,1.0214,6.6895,2.54,1.79
456,83.33,1.0235,6.6912,2.5,1.78
457,83.17,1.0169,6.6906,2.5,1.85
458,82.8,1.0073,6.6893,2.41,1.89
459,82.35,1.0167,6.6903,2.41,1.88
460,81.86,1.0138,6.671,2.41,1.96
462,81.74,1.0111,6.6733,2.44,1.95
463,81.81,1.0028,6.6634,2.46,2.02
464,81.44,1.0036,6.6505,2.52,2.11
465,81.32,1.0108,6.6397,2.59,2.09
466,81.16,1.0145,6.644,2.52,2.05
467,81.6,1.0298,6.6444,2.5,2.06
468,81.14,1.0245,6.6518,2.51,2.04
469,81.16,1.0232,6.6502,2.57,2.07
470,81.48,1.0262,6.6583,2.59,2.09
471,80.61,1.0197,6.6579,2.59,2.14
472,81.28,1.022,6.6625,2.67,2.15
473,81.55,1.0321,6.6805,2.75,2.13
474,80.99,1.0194,6.6867,2.69,2.12
475,80.48,1.0187,6.6707,2.63,2.13
476,80.66,1.0133,6.6892,2.66,2.17
477,80.8,1.0098,6.6775,2.63,2.14
478,81.41,1.009,6.6758,2.67,2.17
479,80.61,1.0022,6.6609,2.53,2.09
480,81.35,1.0012,6.655,2.58,2.1
481,81.14,1.0021,6.6791,2.6,2.12
482,81.15,1.0013,6.6424,2.72,2.14
483,82.53,1.0016,6.6335,2.65,2.09
485,82.44,1.0079,6.6368,2.76,2.05
486,82.9,1.0064,6.6418,2.92,2.05
487,83.41,1.0231,6.6378,2.85,1.98
488,83.15,1.0205,6.6415,2.89,2.05
489,83.64,1.0172,6.633,2.9,2.07
490,83.49,1.0206,6.6398,2.88,2.11
491,83.46,1.0187,6.6414,2.8,2.1
492,82.86,1.024,6.6433,2.77,2.08
493,83.38,1.011,6.6529,2.93,2.13
495,84.08,1.0188,6.6675,2.87,2.12
496,84.34,1.0227,6.66,2.84,2.11
497,83.56,1.0266,6.667,2.81,2.07
498,84,1.016,6.663,2.97,2.14
499,83.53,1.0045,6.6609,3.01,2.17
500,82.73,1.0059,6.6628,3.03,2.17
501,82.7,1.0056,6.6483,2.95,2.16
502,83.04,1.0093,6.6455,3.15,2.23
503,84.16,1.01,6.6616,3.26,2.19
504,83.85,1.0098,6.6549,3.23,2.14
505,83.87,1.0091,6.655,3.32,2.16
506,83.57,1.0046,6.6652,3.29,2.18
507,83.52,1.0039,6.6563,3.49,2.22
508,84.04,1.0033,6.6541,3.53,2.31
509,84.23,1.0056,6.6635,3.47,2.32
510,84.15,1.0125,6.6545,3.33,2.28
511,83.72,1.0176,6.6745,3.36,2.29
512,83.76,1.0173,6.658,3.35,2.29
513,83.56,1.0143,6.645,3.36,2.33
514,82.97,1.0095,6.645,3.41,2.33
516,82.91,1.0086,6.6306,3.36,2.3
517,82.21,1.0006,6.6247,3.5,2.33
518,81.9,1.0004,6.62,3.35,2.29
519,81.67,1.0009,6.6,3.38,2.3
521,81.56,0.9903,6.5895,3.36,2.31
522,81.96,0.9985,6.6065,3.36,2.35
523,83.22,0.9946,6.585,3.5,2.42
524,83.15,0.9953,6.626,3.44,2.41
525,83.04,0.9932,6.6276,3.34,2.36
526,82.78,0.9923,6.6364,3.32,2.36
527,83.36,0.9901,6.6185,3.37,2.4
528,83.29,0.9864,6.6037,3.4,2.42
529,82.72,0.9866,6.6044,3.34,2.37
530,82.99,0.9902,6.5876,3.35,2.35
532,82.66,0.9912,6.5828,3.39,2.4
533,82.03,0.9938,6.5823,3.37,2.38
534,83.02,1.0001,6.5852,3.47,2.25
535,82.63,0.9943,6.5831,3.44,2.24
536,82.44,0.9933,6.5809,3.43,2.25
537,82.35,0.9984,6.5824,3.35,2.24
538,82.27,0.9954,6.5814,3.45,2.29
539,83.03,0.994,6.5814,3.42,2.26
540,82.03,0.9989,6.5819,3.36,2.27
541,81.97,1.002,6.6017,3.42,2.34
542,81.48,0.9921,6.5937,3.48,2.37
543,81.82,0.9883,6.556,3.52,2.36
544,81.48,0.9901,6.556,3.58,2.35
545,81.99,0.9899,6.556,3.68,2.38
546,82.4,0.9885,6.56,3.68,2.36
547,81.92,0.9905,6.552,3.75,2.36
548,82.47,0.9946,6.5914,3.65,2.31
549,83.11,0.9955,6.5864,3.7,2.31
550,83.52,0.99,6.5917,3.64,2.28
551,83.32,0.9883,6.5965,3.62,2.28
552,83.79,0.9885,6.5884,3.61,2.28
553,83.73,0.9853,6.5884,3.62,2.25
554,83.25,0.9839,6.585,3.58,2.27
555,83.22,0.9827,6.5731,3.59,2.34
557,82.94,0.986,6.5795,3.46,2.34
558,82.39,0.9922,6.5741,3.49,2.39
559,81.67,0.9842,6.572,3.46,2.41
560,81.76,0.9808,6.5749,3.42,2.4
561,81.94,0.9737,6.5713,3.42,2.39
562,81.86,0.9742,6.57,3.41,2.41
563,81.62,0.9733,6.5723,3.46,2.45
564,82.41,0.9746,6.5717,3.58,2.49
565,82.35,0.9715,6.567,3.49,2.49
566,82.12,0.9737,6.554,3.51,2.51
567,82.69,0.9712,6.5684,3.56,2.55
568,82.78,0.9686,6.558,3.48,2.5
569,82.98,0.9729,6.5731,3.37,2.46
570,81.77,0.9732,6.5742,3.4,2.44
571,81.65,0.9758,6.5696,3.36,2.43
572,80.82,0.9831,6.573,3.33,2.4
573,80.17,0.9921,6.5713,3.22,2.37
574,78.74,0.9886,6.5743,3.25,2.43
575,81.14,0.9846,6.5689,3.28,2.43
576,81.11,0.9772,6.5635,3.34,2.44
577,81,0.9769,6.551,3.34,2.39
578,80.94,0.982,6.5591,3.36,2.38
579,80.82,0.9748,6.558,3.42,2.47
580,81.12,0.9779,6.5568,3.46,2.44
581,81.67,0.9757,6.5643,3.47,2.46
582,82.38,0.9758,6.56,3.5,2.47
583,82.98,0.9715,6.5558,3.47,2.47
584,82.76,0.9717,6.5483,3.47,2.48
585,84.05,0.9629,6.5477,3.46,2.52
586,83.98,0.9677,6.5385,3.45,2.54
587,84.65,0.9635,6.539,3.5,2.56
588,85.26,0.9587,6.544,3.56,2.57
589,84.98,0.9593,6.542,3.58,2.59
590,84.99,0.9564,6.535,3.59,2.64
591,84.58,0.9547,6.5381,3.59,2.63
592,83.79,0.9624,6.5402,3.52,2.62
593,83.59,0.9638,6.5333,3.49,2.61
594,83.23,0.9626,6.531,3.51,2.62
595,83.13,0.9615,6.5317,3.43,2.61
596,82.43,0.9689,6.5286,3.4,2.6
597,82.41,0.9572,6.5303,3.39,2.63
598,82.58,0.9523,6.5254,3.43,2.61
599,81.81,0.9518,6.492,3.42,2.59
601,81.93,0.9541,6.5277,3.39,2.6
602,81.93,0.9508,6.527,3.34,2.58
603,82.6,0.955,6.5112,3.39,2.58
604,81.57,0.9513,6.501,3.34,2.56
605,81.31,0.9486,6.49,3.32,2.57
606,81.23,0.9492,6.492,3.31,2.56
607,81.02,0.9489,6.4955,3.28,2.55
608,80.69,0.9579,6.4925,3.25,2.55
609,80.12,0.9667,6.4931,3.18,2.48
610,80.51,0.9616,6.4925,3.19,2.48
611,80.66,0.966,6.4937,3.17,2.48
612,80.75,0.9611,6.4915,3.23,2.49
613,80.78,0.9581,6.4915,3.19,2.43
614,80.75,0.9656,6.4986,3.22,2.43
615,80.76,0.9708,6.4977,3.18,2.39
616,80.82,0.9701,6.5073,3.15,2.34
617,81.39,0.9772,6.5057,3.12,2.3
618,81.37,0.9722,6.5029,3.18,2.36
619,81.78,0.9703,6.5042,3.17,2.26
620,81.64,0.9735,6.4917,3.15,2.3
621,81.81,0.9791,6.505,3.13,2.29
622,82.12,0.9773,6.499,3.12,2.33
623,81.96,0.9765,6.493,3.13,2.33
624,81.44,0.9809,6.4913,3.07,2.31
625,80.75,0.9771,6.492,3.07,2.28
627,81.29,0.9688,6.4786,3.05,2.25
628,80.82,0.9713,6.478,2.96,2.22
629,80.98,0.9794,6.4824,3.04,2.26
630,80.38,0.9768,6.4796,2.99,2.24
631,80.19,0.9784,6.4796,3.01,2.25
632,80.21,0.9743,6.481,3.01,2.25
633,79.87,0.9778,6.4754,2.98,2.22
634,80.07,0.9732,6.4757,3.01,2.21
635,80.26,0.9769,6.4801,2.99,2.2
636,80.16,0.9778,6.483,3,2.2
637,80.5,0.9684,6.4794,3.11,2.28
638,80.71,0.9778,6.482,2.98,2.24
639,80.7,0.9842,6.4746,2.93,2.2
640,80.1,0.9797,6.47,2.94,2.19
641,80.26,0.9785,6.472,2.97,2.18
642,80.15,0.9722,6.465,2.99,2.21
643,80.06,0.9725,6.4628,3.01,2.19
644,80.45,0.98,6.4676,2.93,2.22
645,80.32,0.9847,6.4737,2.88,2.24
646,80.89,0.9859,6.4815,2.95,2.28
647,80.85,0.9819,6.4699,3.05,2.32
648,80.8,0.9703,6.4633,3.14,2.4
649,80.64,0.9642,6.4635,3.18,2.43
650,80.81,0.9608,6.4645,3.22,2.45
652,81.14,0.9608,6.466,3.16,2.39
653,80.9,0.9656,6.467,3.12,2.38
654,81.26,0.9585,6.4655,3.17,2.42
655,80.64,0.9627,6.4645,3.03,2.34
656,80.37,0.9663,6.4671,2.94,2.31
657,79.53,0.9667,6.472,2.92,2.32
658,78.99,0.9582,6.4675,2.92,2.33
659,79.11,0.9584,6.459,2.98,2.3
660,79.03,0.9542,6.461,2.94,2.33
661,79.1,0.9616,6.4688,2.94,2.36
662,78.91,0.9505,6.4631,2.91,2.37
663,78.76,0.9479,6.4581,2.96,2.34
664,78.47,0.9449,6.4535,3.03,2.35
665,78.44,0.95,6.4464,2.99,2.38
666,78.31,0.9448,6.445,3.03,2.45
667,78.04,0.9448,6.4411,2.99,2.42
668,77.99,0.9474,6.4428,3.01,2.45
669,77.87,0.9483,6.4418,2.98,2.46
670,77.18,0.9539,6.436,2.82,2.44
671,76.87,0.9593,6.4337,2.77,2.44
672,77.13,0.9577,6.4379,2.66,2.37
673,76.87,0.9632,6.434,2.64,2.28
674,79.01,0.9765,6.4377,2.47,2.23
675,78.48,0.9843,6.4401,2.58,2.26
676,77.53,0.9889,6.4342,2.4,2.2
677,77.16,0.9893,6.4304,2.2,2.2
678,76.41,0.9909,6.4172,2.17,2.3
679,76.68,0.9891,6.3935,2.34,2.28
680,76.79,0.9879,6.3892,2.24,2.26
681,76.73,0.9838,6.3902,2.29,2.23
682,76.76,0.9816,6.3818,2.23,2.18
683,76.46,0.9818,6.3839,2.17,2.16
684,76.52,0.9899,6.3873,2.08,1.99
685,76.46,0.9848,6.391,2.07,2.05
686,76.77,0.9901,6.4004,2.1,2.07
687,76.59,0.9876,6.3975,2.15,2.02
688,76.78,0.9878,6.388,2.29,2.04
689,77.38,0.9842,6.39,2.23,2.1
690,76.62,0.9854,6.386,2.19,2.04
691,76.96,0.9778,6.3809,2.28,2.06
692,76.75,0.9791,6.3802,2.19,2.05
693,76.5,0.9783,6.3778,2.23,2.05
694,76.81,0.9751,6.3812,2.15,2.08
695,76.79,0.9815,6.3821,2.02,2.02
697,77.48,0.9908,6.3901,1.98,1.93
698,77.39,0.9882,6.394,2.05,1.96
699,77.43,0.9856,6.3833,2,2
700,77.31,0.997,6.388,1.93,1.96
701,77.15,0.9957,6.3877,1.94,1.94
702,76.88,0.9901,6.397,2,1.93
703,76.71,0.9913,6.391,2.03,1.91
704,76.7,0.9867,6.3904,2.09,1.96
705,76.89,0.9813,6.3833,2.08,1.95
706,76.48,0.9897,6.3864,1.97,1.88
707,76.52,0.9922,6.3837,1.95,1.91
708,76.38,0.9985,6.3811,1.88,1.86
709,76.31,1.0327,6.3879,1.72,1.71
710,76.3,1.028,6.3877,1.84,1.74
711,76.35,1.0338,6.3975,1.91,1.79
712,76.6,1.019,6.3975,2,1.88
713,76.51,1.0226,6.3933,2.03,1.87
714,76.68,1.0338,6.3964,1.99,1.82
715,77.04,1.0389,6.378,1.92,1.75
716,76.66,1.044,6.3745,1.8,1.73
717,76.86,1.0605,6.3745,1.81,1.76
718,76.86,1.0448,6.3745,1.92,1.8
719,76.64,1.0431,6.378,2.01,1.88
720,76.77,1.0326,6.3745,2.1,1.94
722,76.66,1.0287,6.3745,2.18,1.95
723,77.3,1.0163,6.358,2.24,1.98
724,76.88,1.0238,6.382,2.19,1.92
725,77.36,1.0148,6.378,2.26,1.98
726,76.8,1.0153,6.3695,2.18,1.94
727,76.75,1.0165,6.3804,2.19,1.97
728,76.79,1.0136,6.3769,2.18,1.95
729,76.91,1.0216,6.3825,2.2,1.98
730,76.1,1.009,6.3823,2.23,2
731,76.1,1.004,6.3744,2.25,2.02
732,75.88,1.0143,6.3605,2.14,2.02
733,76.05,1.01,6.3534,2.23,2.08
734,75.8,0.9942,6.359,2.42,2.18
735,75.72,0.9957,6.357,2.34,2.15
736,77.97,0.9932,6.3547,2.17,2.09
737,78.28,1.02,6.3547,2.01,2.05
738,78.04,1.0125,6.355,2.03,2.1
739,77.96,1.0128,6.3513,2.09,2.09
740,78.17,1.0179,6.34,2.06,2.12
741,78.06,1.0173,6.3481,2.04,2.14
742,77.79,1.0139,6.3462,2.1,2.13
743,77.77,1.0176,6.3401,2,2.04
744,77.58,1.0188,6.3454,2.04,2.08
746,77.02,1.0176,6.3536,2.04,2.05
747,76.99,1.0233,6.3464,2.06,2.02
748,77.02,1.0205,6.3445,2.01,1.96
749,76.98,1.0224,6.3505,1.96,1.9
750,76.93,1.026,6.3565,2.01,1.96
751,76.97,1.0386,6.3603,1.97,1.9
752,77.07,1.0371,6.3605,1.94,1.89
753,77.41,1.0479,6.3576,1.89,1.9
755,77.66,1.0487,6.3802,1.97,1.92
756,78.05,1.0327,6.3839,1.97,1.95
757,77.86,1.0296,6.3769,2,1.99
758,77.58,1.0199,6.3765,2.08,2.05
759,77.6,1.0172,6.3655,2.11,2.05
760,77.88,1.0165,6.3596,2.05,2.05
761,77.77,1.014,6.3629,2.04,2.05
762,77.73,1.0116,6.3645,2.08,2.07
763,77.69,1.0106,6.3642,2.02,2.03
764,77.67,1.019,6.3618,1.99,1.98
765,77.58,1.0202,6.3641,2.07,2.02
766,77.87,1.0273,6.3604,2.03,2.04
767,77.86,1.0283,6.3648,1.96,2.01
768,78.08,1.0403,6.371,1.92,1.96
769,77.87,1.0338,6.3733,1.92,1.93
770,77.65,1.0388,6.3479,1.86,1.91
771,77.96,1.0364,6.3376,1.82,1.94
772,77.76,1.0284,6.3459,1.94,2.04
773,78,1.0286,6.3386,1.98,2.05
774,78.13,1.0213,6.3392,1.97,2.04
775,78.13,1.0208,6.3364,2.03,2.07
777,77.83,1.0201,6.321,2.02,2.04
778,77.98,1.0232,6.3211,1.93,2
779,77.71,1.0208,6.3187,1.91,1.96
780,76.98,1.0168,6.2939,1.89,1.96
782,76.67,1.0089,6.294,1.97,2.01
783,76.68,1.0134,6.2941,2,2.08
784,77.18,1.0197,6.3013,2.02,2.12
785,77.06,1.0231,6.3088,1.98,2.09
786,76.88,1.0272,6.3143,1.98,2.11
787,76.84,1.0161,6.3141,2,2.08
788,76.9,1.0192,6.3149,1.93,2.03
789,76.76,1.0197,6.3177,1.94,2.04
790,76.9,1.0246,6.3065,1.89,2.03
792,76.8,1.013,6.3136,1.87,2.04
793,76.81,1.0138,6.3109,1.92,2.07
794,77.23,1.0094,6.3162,2.01,2.01
795,76.97,1.0142,6.333,2.05,2.04
796,76.92,1.0079,6.333,2.09,2.07
797,77.78,1.0096,6.333,2.08,2.09
798,78.13,1.0119,6.333,2.01,2.13
799,77.47,0.9986,6.333,1.96,2.12
800,76.68,1.0014,6.333,1.93,2.11
801,76.28,1.003,6.331,1.87,2.11
802,76.34,1.005,6.308,1.83,2.11
803,76.11,0.9984,6.3076,1.87,2.15
804,76.13,0.9985,6.3017,1.86,2.16
805,76.54,0.9944,6.3027,1.97,2.18
806,76.54,0.9953,6.312,1.93,2.19
807,76.88,0.9947,6.3046,2,2.21
808,76.9,0.9969,6.2938,2.01,2.22
809,77.42,0.9941,6.2947,2.04,2.21
810,77.57,1.0016,6.2991,1.96,2.2
811,77.52,0.9995,6.2972,1.99,2.21
812,78.39,0.9988,6.2995,1.92,2.19
813,78.22,0.9965,6.2998,1.93,2.19
814,78.77,0.9962,6.3014,1.99,2.23
815,79.33,0.997,6.2985,2.01,2.24
817,79.73,0.9956,6.296,2.05,2.27
818,80.3,0.9999,6.296,2.01,2.28
819,80.21,0.9983,6.298,1.99,2.29
820,80.88,0.9988,6.2976,1.98,2.27
821,80.42,0.9982,6.3012,1.92,2.24
822,80.44,0.9956,6.2989,1.94,2.25
823,81.1,0.9866,6.2935,1.98,2.26
824,81.16,0.9848,6.3001,2.03,2.26
825,81.56,0.9887,6.2982,1.99,2.23
826,81.43,0.9936,6.3066,2,2.2
827,80.86,1.0013,6.3082,1.96,2.17
828,81.06,0.9994,6.3097,1.98,2.2
829,81.5,0.992,6.3159,2.03,2.24
830,82.59,0.9894,6.3109,2.04,2.28
831,82.21,0.9934,6.3258,2.04,2.28
832,82.66,0.9905,6.3266,2.14,2.34
833,83.78,0.9914,6.3315,2.29,2.36
834,83.28,0.9928,6.3282,2.29,2.37
835,83.34,0.9912,6.3222,2.31,2.4
836,83.31,0.9878,6.3191,2.39,2.42
837,83.62,0.9933,6.3203,2.38,2.42
838,83.62,0.9928,6.3226,2.31,2.39
839,82.5,1.0002,6.299,2.29,2.37
840,82.35,0.9983,6.3021,2.25,2.36
841,82.84,0.9922,6.3139,2.26,2.34
842,83.15,0.9928,6.3061,2.2,2.33
843,82.74,0.9983,6.3044,2.21,2.32
844,82.28,0.9998,6.3057,2.18,2.31
845,82.41,0.999,6.2975,2.23,2.32
846,82.16,0.9916,6.2979,2.22,2.36
847,82.18,0.9909,6.2975,2.3,2.36
848,82.62,0.9961,6.2975,2.25,2.3
849,82.33,0.9927,6.3123,2.19,2.27
850,81.56,0.9971,6.3052,2.07,2.23
851,81.36,0.9971,6.31,2.06,2.23
852,80.94,1.0027,6.3105,2.01,2.25
853,80.88,1.004,6.3076,2.05,2.3
854,80.87,0.9951,6.3069,2.08,2.3
855,80.99,0.9978,6.3022,2.02,2.27
856,80.46,1.0025,6.315,2,2.26
857,80.72,0.9878,6.3015,2.03,2.29
858,81.29,0.9902,6.3026,2,2.26
859,81.57,0.9927,6.3029,1.98,2.19
860,81.6,0.9912,6.308,1.99,2.23
861,81.16,0.9935,6.3084,1.96,2.22
862,81.21,0.9882,6.3073,2,2.25
863,81.33,0.9848,6.3039,2.01,2.25
864,80.78,0.984,6.3054,1.98,2.27
865,80.48,0.9807,6.3093,1.96,2.26
866,79.81,0.9886,6.279,1.95,2.25
867,80.17,0.9839,6.3089,1.98,2.26
868,80.19,0.989,6.307,1.96,2.24
869,80.36,0.9869,6.3052,1.96,2.23
870,79.84,0.9955,6.3059,1.91,2.21
871,79.88,0.9938,6.3074,1.92,2.19
872,79.79,0.9997,6.3076,1.88,2.16
873,79.64,1.0014,6.3096,1.87,2.14
874,79.91,1.0015,6.314,1.89,2.14
875,79.86,0.9967,6.3097,1.84,2.12
876,79.83,1.0018,6.321,1.78,2.11
877,80.09,1.0029,6.3176,1.76,2.12
878,80.32,1.0099,6.3227,1.76,2.09
879,79.26,1.0162,6.3247,1.7,2.05
880,79.14,1.0211,6.3245,1.71,2.1
881,79.31,1.0223,6.3277,1.75,2.16
882,79.98,1.0191,6.3223,1.79,2.17
883,79.33,1.0274,6.3343,1.73,2.14
884,79.47,1.0274,6.3449,1.77,2.14
885,79.64,1.0285,6.3439,1.75,2.13
887,79.44,1.0253,6.3478,1.74,2.11
888,78.93,1.0289,6.3574,1.63,2.08
889,78.29,1.0349,6.3684,1.59,2.09
890,78.21,1.0378,6.3692,1.47,2.06
891,78.3,1.0417,6.3641,1.53,2.09
892,78.57,1.0414,6.367,1.57,2.13
893,79.11,1.0298,6.3634,1.66,2.16
894,79.67,1.0244,6.3634,1.66,2.15
895,79.47,1.0332,6.37,1.65,2.15
896,79.5,1.0281,6.369,1.6,2.13
897,79.44,1.0269,6.3703,1.67,2.15
898,79.35,1.027,6.3685,1.61,2.12
899,79.29,1.0247,6.3702,1.64,2.11
900,78.65,1.0244,6.3649,1.6,2.14
901,78.95,1.0264,6.3539,1.59,2.13
902,78.92,1.0177,6.3542,1.64,2.17
903,79.54,1.0193,6.3597,1.65,2.16
904,80.18,1.025,6.3644,1.63,2.1
905,80.52,1.0258,6.3644,1.69,2.11
906,79.5,1.0301,6.3631,1.63,2.1
907,79.46,1.0264,6.3626,1.66,2.11
908,79.83,1.0258,6.3561,1.65,2.1
909,79.35,1.0331,6.357,1.6,2.08
910,79.81,1.019,6.353,1.67,2.13
911,79.42,1.0193,6.3487,1.61,2.11
912,79.77,1.0123,6.3519,1.65,2.13
914,79.95,1.013,6.3557,1.62,2.13
915,79.61,1.0198,6.364,1.57,2.1
916,79.66,1.021,6.3709,1.53,2.1
917,79.44,1.0202,6.3654,1.53,2.12
918,79.7,1.0195,6.3682,1.54,2.11
919,79.29,1.0215,6.3732,1.5,2.08
920,79.2,1.0151,6.3789,1.52,2.11
921,78.8,1.0156,6.3784,1.5,2.11
922,79.04,1.0141,6.3725,1.53,2.12
923,78.79,1.0112,6.369,1.52,2.12
924,78.6,1.0076,6.3724,1.54,2.16
925,78.49,1.0113,6.3734,1.49,2.16
926,78.38,1.0172,6.3856,1.47,2.15
927,78.19,1.0207,6.3857,1.44,2.12
928,78.21,1.0181,6.3879,1.43,2.1
929,78.24,1.0101,6.3839,1.45,2.11
930,78.55,1.0059,6.3807,1.58,2.19
931,78.2,1.0033,6.3792,1.53,2.17
932,78.1,1.0014,6.361,1.51,2.2
933,78.19,1.0017,6.368,1.56,2.23
934,78.22,1.0061,6.3671,1.51,2.2
935,78.6,0.9986,6.3721,1.6,2.26
936,78.17,0.9988,6.3738,1.59,2.27
937,78.71,0.9964,6.3664,1.66,2.31
938,78.44,0.9946,6.361,1.68,2.29
939,78.64,0.9923,6.3579,1.69,2.27
940,78.24,0.9917,6.3599,1.65,2.25
941,78.34,0.9933,6.3611,1.65,2.23
942,78.82,0.9914,6.3586,1.73,2.26
943,78.89,0.989,6.3619,1.8,2.25
944,79.25,0.9881,6.3659,1.83,2.25
945,79.5,0.9883,6.358,1.81,2.24
946,79.41,0.989,6.3592,1.82,2.25
947,79.43,0.9864,6.3559,1.8,2.25
948,79.19,0.9928,6.3515,1.71,2.26
949,78.46,0.9928,6.3535,1.68,2.3
950,78.65,0.9919,6.3542,1.68,2.28
951,78.67,0.9892,6.3558,1.65,2.29
952,78.5,0.9864,6.3525,1.64,2.32
953,78.72,0.9873,6.3513,1.66,2.3
954,78.55,0.9925,6.3494,1.63,2.26
955,78.3,0.9862,6.3484,1.57,2.25
957,78.35,0.9862,6.3465,1.59,2.27
958,78.34,0.9901,6.3489,1.6,2.29
959,78.96,0.9824,6.3428,1.68,2.31
960,78.14,0.9777,6.3428,1.67,2.35
961,78.24,0.9761,6.3375,1.68,2.36
962,77.78,0.9723,6.3349,1.7,2.38
963,77.86,0.9756,6.3261,1.77,2.38
964,77.41,0.9754,6.3294,1.75,2.47
965,78.22,0.971,6.3145,1.88,2.64
966,78.68,0.9723,6.317,1.85,2.59
967,78.59,0.9743,6.3187,1.82,2.55
968,78.4,0.9747,6.3091,1.79,2.54
969,78.3,0.9775,6.3036,1.8,2.5
970,78.17,0.9757,6.3051,1.77,2.48
971,77.9,0.98,6.309,1.74,2.47
972,77.91,0.977,6.3057,1.7,2.44
973,77.78,0.9845,6.3015,1.64,2.41
974,77.62,0.9812,6.3021,1.66,2.44
975,77.92,0.9837,6.2848,1.65,2.42
976,78,0.9827,6.284,1.64,2.42
977,78.01,0.9827,6.284,1.64,2.47
978,78.57,0.987,6.284,1.64,2.47
979,78.44,0.9821,6.284,1.7,2.56
980,78.66,0.9763,6.284,1.75,2.57
982,78.23,0.9787,6.2877,1.74,2.55
983,78.26,0.9786,6.2831,1.72,2.52
984,78.44,0.9785,6.2765,1.7,2.47
985,78.31,0.9797,6.267,1.69,2.47
986,78.76,0.9783,6.27,1.7,2.48
987,78.92,0.9854,6.2637,1.75,2.46
988,78.74,0.9795,6.254,1.83,2.48
989,79.24,0.9811,6.2501,1.86,2.52
990,79.26,0.993,6.2533,1.79,2.5
991,79.84,0.9938,6.2543,1.83,2.53
992,79.79,0.9934,6.2478,1.79,2.5
993,79.82,0.9945,6.2478,1.8,2.49
994,80.04,0.9942,6.2416,1.86,2.49
995,79.63,0.999,6.248,1.78,2.47
996,79.81,1.0003,6.2384,1.74,2.47
998,79.94,0.9994,6.2372,1.72,2.5
999,80.14,0.9973,6.2393,1.75,2.52
1000,80.53,0.9962,6.2411,1.75,2.48
1001,80.17,0.9965,6.2452,1.72,2.47
1002,80.28,0.9936,6.2454,1.78,2.5
1003,79.85,0.9971,6.2435,1.68,2.48
1004,79.74,0.9985,6.2427,1.62,2.47
1005,79.46,1.0007,6.245,1.61,2.44
1007,79.42,1.0015,6.226,1.59,2.43
1008,80.2,1.0017,6.225,1.59,2.4
1009,81.16,1.0024,6.2329,1.58,2.38
1010,81.28,1.0029,6.2354,1.58,2.39
1011,81.18,0.9963,6.2343,1.61,2.39
1012,81.72,0.9969,6.2324,1.66,2.4
1013,82.36,0.998,6.23,1.69,2.4
1015,82.34,0.9927,6.2275,1.7,2.42
1016,82.11,0.9949,6.2253,1.66,2.39
1017,82.23,0.9936,6.2221,1.64,2.38
1018,81.84,0.9927,6.2273,1.63,2.38
1019,82.06,0.9928,6.2281,1.62,2.4
1020,82.54,0.9931,6.2265,1.62,2.41
1021,82.24,0.9929,6.2277,1.63,2.44
1022,81.86,0.9926,6.2254,1.62,2.45
1023,82.4,0.9913,6.2251,1.6,2.45
1024,82.29,0.9909,6.2282,1.59,2.46
1025,82.37,0.989,6.2299,1.64,2.5
1026,82.37,0.9871,6.2296,1.63,2.5
1027,82.42,0.9867,6.246,1.66,2.5
1028,83.1,0.9854,6.2502,1.72,2.51
1029,83.54,0.9845,6.2316,1.74,2.47
1030,83.52,0.986,6.241,1.72,2.46
1031,83.7,0.9841,6.236,1.78,2.48
1032,84,0.9852,6.2322,1.84,2.51
1033,84.32,0.9868,6.2293,1.82,2.48
1034,84.33,0.9882,6.2297,1.81,2.5
1035,84.1,0.9941,6.2284,1.77,2.48
1036,84.81,0.9913,6.2335,1.79,2.48
1038,85.62,0.9945,6.2351,1.77,2.48
1039,86.06,0.9949,6.2358,1.74,2.47
1040,86.12,0.9951,6.2315,1.73,2.46
1041,86.64,0.9958,6.2301,1.78,2.45
1043,87.1,0.9859,6.2301,1.86,2.48
1044,86.92,0.9853,6.2301,1.92,2.46
1045,88.14,0.9856,6.2303,1.93,2.48
1046,87.68,0.9859,6.2294,1.92,2.52
1047,87.31,0.9871,6.2235,1.89,2.49
1048,87.9,0.9867,6.226,1.88,2.52
1049,88.16,0.9859,6.223,1.91,2.53
1050,89.22,0.9842,6.2156,1.89,2.52
1051,89.34,0.9841,6.219,1.89,2.55
1052,88.65,0.9839,6.2134,1.86,2.52
1053,88.64,0.985,6.216,1.84,2.49
1054,89.41,0.9853,6.2158,1.89,2.53
1055,89.9,0.9937,6.2152,1.87,2.53
1057,88.62,0.9934,6.2196,1.86,2.54
1058,88.44,0.9986,6.2178,1.86,2.52
1059,90.04,1.0024,6.2179,1.88,2.5
1060,91.04,1.0078,6.2203,1.98,2.54
1061,90.73,1.007,6.224,2,2.55
1062,90.65,1.0029,6.2259,2.03,2.56
1063,91.05,1.0033,6.2204,2.03,2.57
1064,91.28,0.9992,6.2186,2.02,2.59
1065,92.54,0.9987,6.2265,2.04,2.59
1066,92.57,0.9976,6.2326,2,2.59
1067,93.34,0.9972,6.2292,2.04,2.59
1068,93.56,0.9959,6.2315,2,2.58
1069,93.24,0.9992,6.2323,1.99,2.57
1070,92.72,1.0021,6.2323,1.99,2.56
1071,93.44,1.0064,6.2323,1.99,2.57
1072,93.14,1.0029,6.2323,2.02,2.59
1073,93.39,1.002,6.2323,2.05,2.59
1074,93.1,1.0007,6.2323,2,2.56
1075,93.64,1.0069,6.2323,2.01,2.54
1077,93.54,1.0117,6.2438,2.03,2.55
1078,93.53,1.0162,6.2371,2.02,2.54
1079,92.96,1.0184,6.2403,1.99,2.53
1080,93.35,1.0222,6.2346,1.97,2.54
1081,93.35,1.0264,6.2337,1.88,2.5
1082,91.38,1.0279,6.2293,1.88,2.5
1083,91.88,1.0249,6.2271,1.91,2.52
1084,92.36,1.0286,6.2213,1.89,2.53
1085,93.38,1.0285,6.2226,1.86,2.53
1086,93.32,1.0298,6.2246,1.88,2.53
1087,93.39,1.0289,6.2208,1.9,2.55
1088,93.64,1.0314,6.2173,1.95,2.56
1089,95,1.0303,6.22,2,2.56
1090,96,1.0273,6.2145,2.06,2.56
1091,96.12,1.0268,6.2179,2.07,2.57
1092,95.96,1.0259,6.216,2.03,2.55
1093,96,1.0272,6.2137,2.04,2.56
1094,96.16,1.0263,6.2145,2.04,2.57
1095,95.26,1.0202,6.2133,2.01,2.56
1096,94.92,1.0218,6.2156,1.96,2.56
1097,94.85,1.0272,6.2154,1.92,2.53
1098,95.51,1.0268,6.2117,1.96,2.53
1099,95.06,1.0239,6.2141,1.95,2.52
1100,94.48,1.0224,6.212,1.93,2.53
1101,94.34,1.0217,6.2105,1.93,2.53
1102,94.22,1.0167,6.2108,1.92,2.53
1103,94.38,1.0169,6.2138,1.87,2.51
1104,94.02,1.0155,6.2143,1.87,2.51
1106,93.3,1.0166,6.2078,1.86,2.51
1107,93.43,1.0147,6.1992,1.88,2.51
1108,92.96,1.0134,6.1962,1.83,2.48
1109,96.12,1.0139,6.2005,1.78,2.48
1110,96.86,1.019,6.2005,1.72,2.46
1111,98.9,1.0199,6.2031,1.76,2.45
1112,99.02,1.0162,6.2022,1.78,2.45
1113,99.61,1.0148,6.1938,1.84,2.44
1114,99.42,1.0107,6.1961,1.82,2.47
1115,98.98,1.0134,6.1914,1.75,2.43
1116,98,1.0208,6.1866,1.72,2.41
1117,97.86,1.0226,6.1824,1.75,2.4
1118,97.74,1.0263,6.172,1.73,2.37
1119,98.22,1.0257,6.1811,1.72,2.27
1120,99.28,1.0264,6.1772,1.73,2.32
1121,99.29,1.0262,6.1823,1.72,2.35
1122,99.43,1.0259,6.179,1.74,2.38
1123,99.39,1.027,6.1782,1.73,2.38
1124,99.42,1.0193,6.1707,1.74,2.4
1125,97.84,1.017,6.1647,1.7,2.38
1126,98.09,1.0138,6.1647,1.7,2.37
1127,97.52,1.0072,6.1647,1.7,2.34
1128,97.28,1.0083,6.1647,1.66,2.3
1129,97.96,1.0083,6.156,1.66,2.28
1130,99.1,1.0077,6.1555,1.78,2.31
1131,99.35,1.0074,6.1665,1.8,2.31
1132,99,1.0051,6.1539,1.82,2.32
1133,98.9,1.0023,6.141,1.81,2.29
1134,99.29,1.0026,6.1306,1.81,2.31
1135,101.74,1.0123,6.1415,1.9,2.35
1136,101.84,1.0108,6.1465,1.92,2.33
1137,102.18,1.0149,6.1426,1.96,2.33
1138,102.44,1.0173,6.1454,1.94,2.3
1139,102.22,1.0162,6.1487,1.87,2.27
1140,102.98,1.0268,6.141,1.95,2.26
1141,102.54,1.0272,6.1386,1.97,2.28
1142,102.36,1.0277,6.1353,1.94,2.28
1143,103.52,1.0331,6.1309,2.03,2.27
1144,101.66,1.0315,6.1337,2.02,2.26
1145,100.98,1.0322,6.1311,2.01,2.27
1147,102.07,1.0371,6.1213,2.15,2.29
1148,100.91,1.0369,6.1264,2.13,2.23
1149,101.06,1.0309,6.1307,2.13,2.18
1150,100.83,1.0337,6.134,2.16,2.21
1151,99.18,1.029,6.1312,2.13,2.2
1152,100.15,1.0348,6.1285,2.14,2.19
1153,99.16,1.0346,6.1276,2.1,2.16
1154,97.76,1.024,6.1359,2.08,2.13
1155,97.2,1.0208,6.1333,2.17,2.14
1156,98.88,1.0185,6.1333,2.22,2.11
1157,96.82,1.0191,6.1333,2.2,2.07
1158,95.36,1.0202,6.1333,2.25,2.04
1159,94.29,1.017,6.1341,2.19,2.04
1160,94.34,1.0175,6.1306,2.14,2.05
1161,94.87,1.0175,6.1248,2.19,2.04
1162,95.2,1.0209,6.1283,2.2,2.06
1163,95.22,1.0187,6.1264,2.33,2.04
1164,98.18,1.0383,6.1277,2.41,1.95
1165,97.48,1.0467,6.1328,2.52,1.93
1166,97.7,1.0532,6.1441,2.57,1.93
1167,97.87,1.0512,6.1448,2.6,1.96
1168,97.43,1.0468,6.1468,2.55,1.95
1169,98.4,1.0479,6.1488,2.49,1.99
1170,99.21,1.0513,6.1374,2.52,1.99
1171,99.62,1.0499,6.1325,2.5,2.02
1172,100.43,1.0529,6.1327,2.48,2.04
1173,99.82,1.0521,6.1301,2.52,2.04
1175,100.94,1.0566,6.1324,2.73,2.07
1176,101.07,1.0578,6.1337,2.65,2.07
1177,101.08,1.053,6.1293,2.65,2.06
1178,100.1,1.051,6.1336,2.7,2.06
1179,98.8,1.0389,6.135,2.6,2.04
1180,99.39,1.0393,6.1373,2.61,2.06
1181,100.04,1.0412,6.1373,2.57,2.1
1182,99.37,1.0388,6.1345,2.55,2.14
1183,99.7,1.0423,6.1351,2.52,2.14
1184,100.6,1.0395,6.1408,2.56,2.18
1185,100.3,1.0362,6.1377,2.5,2.21
1186,99.6,1.0336,6.1404,2.5,2.22
1187,99.76,1.0305,6.1369,2.53,2.2
1188,100.21,1.0298,6.1358,2.61,2.17
1189,99.56,1.0283,6.1346,2.61,2.17
1190,98.24,1.0292,6.1316,2.58,2.15
1191,97.8,1.0259,6.1323,2.61,2.16
1192,98.02,1.0292,6.1315,2.63,2.17
1193,98.35,1.0287,6.1284,2.6,2.22
1194,99.3,1.0338,6.1302,2.74,2.26
1195,99.04,1.0379,6.1293,2.63,2.21
1196,98.54,1.0394,6.1245,2.67,2.25
1197,97.85,1.0378,6.1215,2.67,2.28
1198,96.72,1.0415,6.119,2.61,2.26
1199,96.03,1.0347,6.1207,2.58,2.24
1200,96.24,1.0302,6.1217,2.57,2.24
1201,96.44,1.0297,6.1218,2.61,2.24
1202,98.06,1.0345,6.1217,2.71,2.23
1203,98.15,1.0319,6.1191,2.71,2.21
1204,97.81,1.0339,6.1123,2.77,2.17
1205,97.6,1.0344,6.1145,2.84,2.16
1206,97.94,1.0334,6.1227,2.88,2.13
1207,97.12,1.0374,6.1241,2.82,2.15
1208,97.66,1.0442,6.1229,2.87,2.14
1209,98.53,1.0511,6.1206,2.9,2.11
1210,98.57,1.0512,6.12,2.82,2.13
1211,98.64,1.0513,6.1202,2.79,2.15
1212,97.3,1.0504,6.1212,2.72,2.15
1213,97.65,1.0491,6.1202,2.78,2.15
1214,98.46,1.0526,6.1203,2.75,2.1
1215,98.22,1.0554,6.1193,2.78,2.1
1217,99.43,1.0532,6.1204,2.86,2.1
1218,99.61,1.0482,6.1199,2.9,2.07
1219,100.08,1.0499,6.1194,2.98,2.06
1220,99.04,1.039,6.1202,2.94,2.07
1221,99.55,1.0366,6.1209,2.9,2.06
1222,100.22,1.0357,6.1195,2.96,2.1
1223,100.08,1.0336,6.1183,2.93,2.13
1224,99.24,1.0319,6.1178,2.92,2.11
1225,99.38,1.0341,6.1186,2.9,2.1
1226,98.98,1.0316,6.1198,2.88,2.12
1227,99.16,1.029,6.1213,2.86,2.16
1228,99.04,1.0312,6.121,2.69,2.2
1229,99.33,1.0237,6.121,2.76,2.21
1230,99.38,1.0287,6.121,2.75,2.23
1231,98.76,1.029,6.1201,2.72,2.26
1232,98.76,1.0294,6.1208,2.67,2.19
1233,98.62,1.0294,6.119,2.63,2.18
1234,98.95,1.0321,6.1194,2.66,2.19
1235,98.3,1.03,6.1179,2.64,2.18
1236,98.29,1.0284,6.12,2.64,2.19
1237,98.05,1.0333,6.12,2.66,2.2
1238,97.36,1.033,6.12,2.63,2.2
1239,97.08,1.0324,6.12,2.62,2.19
1240,97.2,1.0306,6.12,2.66,2.2
1241,97.02,1.0306,6.12,2.65,2.2
1242,96.94,1.033,6.1206,2.66,2.18
1243,97.23,1.0396,6.1209,2.68,2.21
1244,98.09,1.0382,6.1156,2.71,2.21
1245,98.42,1.0383,6.1204,2.7,2.2
1247,98.58,1.0372,6.1026,2.75,2.21
1248,98.9,1.0345,6.0996,2.69,2.19
1249,97.85,1.0285,6.098,2.61,2.16
1250,97.77,1.0287,6.0966,2.6,2.18
1251,98.14,1.0296,6.0924,2.63,2.19
1252,98.18,1.0282,6.0925,2.54,2.17
1253,97.28,1.0384,6.0833,2.51,2.15
1254,97.36,1.0421,6.0815,2.53,2.17
1255,97.46,1.0449,6.0838,2.53,2.19
1256,97.7,1.0443,6.0853,2.54,2.19
1257,98.09,1.0445,6.0897,2.53,2.18
1258,98.14,1.0454,6.0936,2.55,2.18
1259,98.1,1.0429,6.0943,2.57,2.17
1260,98.78,1.0442,6.0993,2.65,2.15
1261,98.62,1.0414,6.098,2.63,2.13
1262,98.6,1.0447,6.0966,2.69,2.14
1263,98.6,1.0418,6.0925,2.67,2.19
1264,98.56,1.0441,6.0906,2.63,2.17
1265,99.03,1.0486,6.0903,2.77,2.18
1267,99.65,1.05,6.0917,2.8,2.18
1268,99.31,1.0468,6.0926,2.75,2.17
1269,99.93,1.0497,6.092,2.69,2.18
1270,100.17,1.0457,6.092,2.71,2.18
1271,100.04,1.0426,6.0918,2.67,2.19
1272,100.14,1.0467,6.0924,2.71,2.18
1273,100.02,1.0446,6.0925,2.8,2.16
1274,100.95,1.0506,6.0914,2.79,2.19
1275,101.29,1.0534,6.0935,2.75,2.19
1276,101.7,1.0554,6.0916,2.74,2.18
1277,101.38,1.0547,6.0925,2.71,2.17
1278,102.18,1.0595,6.0922,2.74,2.16
1280,102.45,1.0597,6.0922,2.75,2.15
1281,103.04,1.0632,6.0927,2.81,2.15
1282,102.36,1.066,6.0914,2.79,2.15
1283,102.48,1.0696,6.0913,2.84,2.11
1284,101.82,1.0638,6.0903,2.88,2.12
1285,102.88,1.0663,6.0815,2.88,2.11
1286,103.22,1.0641,6.0643,2.86,2.12
1287,102.8,1.0622,6.0705,2.81,2.12
1288,102.38,1.0605,6.0712,2.86,2.15
1289,103.11,1.0641,6.071,2.89,2.14
1290,103.28,1.0594,6.071,2.88,2.16
1291,102.91,1.0577,6.0713,2.89,2.18
1292,102.63,1.0611,6.0707,2.85,2.18
1293,103.18,1.0645,6.0713,2.89,2.17
1294,104.16,1.0677,6.0711,2.94,2.15
1295,104.07,1.0679,6.0711,2.89,2.16
1296,104.06,1.0602,6.0697,2.94,2.18
1297,104.26,1.0618,6.0712,2.99,2.19
1299,104.72,1.0648,6.0744,3,2.2
1300,105.05,1.0697,6.0684,3.02,2.22
1301,105,1.064,6.0617,2.99,2.23
1302,105.25,1.0637,6.0537,3.04,2.24
1304,104.84,1.0634,6.0504,3,2.26
1305,104.46,1.0612,6.0505,3.01,2.26
1306,104.38,1.0658,6.0524,2.98,2.26
1307,104.54,1.0742,6.0507,2.96,2.26
1308,104.87,1.0802,6.051,3.01,2.29
1309,104.74,1.085,6.054,2.97,2.31
1310,104.06,1.0915,6.0519,2.88,2.29
1311,103.31,1.0868,6.0432,2.84,2.27
1312,103.8,1.0934,6.0402,2.88,2.26
1313,104.42,1.0932,6.0459,2.9,2.28
1314,104.32,1.0926,6.0555,2.86,2.25
1315,104.32,1.0959,6.05,2.84,2.26
1317,104.14,1.0971,6.0503,2.85,2.26
1318,104.36,1.1069,6.0508,2.87,2.25
1319,103.65,1.1128,6.0515,2.79,2.13
1320,102.41,1.1063,6.0486,2.75,2.14
1321,102.26,1.1097,6.0478,2.78,2.14
1322,102.8,1.1148,6.0506,2.77,2.15
1323,102.2,1.1147,6.0554,2.69,2.14
1324,102.83,1.1171,6.06,2.72,2.15
1325,102.28,1.1116,6.059,2.67,2.14
1326,101.11,1.1074,6.06,2.61,2.14
1327,101.62,1.1056,6.06,2.64,2.13
1328,101.38,1.11,6.06,2.7,2.14
1329,101.84,1.1065,6.06,2.73,2.16
1330,102.32,1.1014,6.0629,2.71,2.18
1331,102.14,1.1048,6.0591,2.7,2.19
1332,102.63,1.1024,6.0601,2.75,2.19
1333,102.48,1.0992,6.0614,2.8,2.21
1334,102.2,1.0979,6.0631,2.73,2.17
1335,101.82,1.0981,6.0666,2.75,2.16
1337,102.31,1.0952,6.0671,2.71,2.14
1338,102.3,1.1045,6.0762,2.73,2.13
1339,102.32,1.1104,6.0832,2.76,2.13
1340,102.71,1.1128,6.0912,2.73,2.12
1341,102.44,1.1058,6.0982,2.75,2.16
1342,102.2,1.1085,6.1243,2.7,2.15
1343,102.36,1.1117,6.1243,2.67,2.16
1344,102.12,1.1137,6.1279,2.65,2.16
1345,102.08,1.1075,6.1448,2.66,2.17
1346,101.36,1.109,6.146,2.6,2.16
1347,102.18,1.1113,6.143,2.7,2.18
1348,102.32,1.105,6.128,2.7,2.18
1349,103.03,1.0965,6.1183,2.74,2.21
1350,103.38,1.1088,6.1258,2.8,2.23
1351,103.23,1.1104,6.1383,2.79,2.22
1352,103.18,1.1085,6.1397,2.77,2.2
1353,102.74,1.113,6.1448,2.73,2.19
1354,102.12,1.1059,6.1359,2.66,2.17
1355,101.46,1.1087,6.15,2.65,2.17
1356,101.62,1.1052,6.1779,2.7,2.18
1357,101.37,1.1089,6.1918,2.68,2.18
1358,101.54,1.1177,6.1934,2.78,2.16
1359,102.39,1.1251,6.2273,2.79,2.13
1360,102.38,1.1191,6.2248,2.75,2.14
1361,102.21,1.1218,6.1956,2.74,2.15
1362,102.32,1.1176,6.201,2.75,2.14
1363,102.3,1.1143,6.2084,2.71,2.14
1364,102.1,1.1056,6.2123,2.69,2.13
1365,102.92,1.1066,6.2117,2.73,2.13
1366,102.98,1.1053,6.2164,2.73,2.13
1367,103.52,1.1026,6.2064,2.77,2.14
1368,103.82,1.103,6.2054,2.82,2.14
1369,103.94,1.1035,6.2102,2.8,2.14
1370,103.39,1.0978,6.2118,2.74,2.13
1371,103.04,1.0971,6.2118,2.71,2.12
1372,102.12,1.0919,6.1966,2.69,2.11
1373,101.85,1.0902,6.2003,2.71,2.14
1374,101.43,1.0912,6.2123,2.65,2.14
1375,101.56,1.096,6.2111,2.63,2.13
1376,101.81,1.0968,6.2186,2.65,2.13
1377,101.6,1.098,6.2215,2.64,2.14
1378,102.3,1.1027,6.2204,2.65,2.17
1379,102.22,1.0997,6.2188,2.73,2.21
1381,102.56,1.102,6.2269,2.73,2.2
1382,102.6,1.1025,6.2373,2.73,2.21
1383,102.26,1.1034,6.2374,2.7,2.21
1384,102.34,1.1026,6.2484,2.7,2.21
1385,102.12,1.1041,6.2534,2.68,2.2
1386,102.46,1.1032,6.252,2.7,2.18
1387,102.57,1.0963,6.2578,2.71,2.18
1388,102.14,1.0956,6.2591,2.67,2.18
1389,102.3,1.0965,6.2591,2.63,2.2
1390,102.34,1.0973,6.2591,2.6,2.19
1391,102.06,1.0955,6.2453,2.63,2.18
1392,101.57,1.089,6.2255,2.61,2.16
1393,101.72,1.0895,6.2349,2.62,2.2
1394,101.66,1.0856,6.2272,2.61,2.19
1395,101.74,1.0899,6.227,2.62,2.18
1396,102.1,1.0886,6.2364,2.66,2.18
1397,102.2,1.0892,6.2283,2.61,2.16
1398,101.75,1.0887,6.2282,2.54,2.17
1399,101.44,1.0887,6.2291,2.5,2.19
1400,101.5,1.0883,6.2327,2.52,2.18
1401,101.26,1.0861,6.2368,2.54,2.17
1402,101.26,1.09,6.2377,2.52,2.17
1403,101.44,1.0935,6.2335,2.54,2.18
1404,101.76,1.0897,6.2348,2.56,2.21
1405,101.88,1.087,6.2363,2.54,2.22
1407,102.14,1.0869,6.2471,2.52,2.21
1408,101.78,1.0867,6.2535,2.44,2.22
1409,101.58,1.0837,6.2375,2.45,2.23
1410,101.77,1.0867,6.2471,2.48,2.22
1411,102.3,1.0894,6.2471,2.54,2.22
1412,102.42,1.0915,6.2536,2.6,2.19
1413,102.69,1.0937,6.2494,2.61,2.17
1414,102.44,1.0935,6.2548,2.59,2.18
1415,102.5,1.0936,6.2498,2.6,2.2
1416,102.52,1.0908,6.2397,2.62,2.21
1417,102.37,1.0914,6.224,2.64,2.21
1418,101.94,1.0867,6.2277,2.65,2.22
1419,101.83,1.0851,6.2175,2.58,2.19
1420,102.06,1.0868,6.209,2.6,2.19
1421,101.82,1.0849,6.225,2.61,2.2
1422,102.18,1.0851,6.2263,2.66,2.23
1423,102.16,1.087,6.2309,2.61,2.23
1424,101.84,1.0828,6.2287,2.64,2.25
1425,102.14,1.0766,6.224,2.63,2.28
1426,101.9,1.0731,6.225,2.63,2.28
1427,102.13,1.0739,6.2308,2.59,2.28
1428,101.75,1.0721,6.2343,2.57,2.28
1429,101.66,1.0706,6.2235,2.53,2.27
1430,101.39,1.0676,6.218,2.54,2.27
1431,101.28,1.0676,6.2036,2.53,2.26
1432,101.51,1.0652,6.1995,2.58,2.26
1433,101.76,1.0667,6.2101,2.64,2.26
1434,102.19,1.0633,6.2115,2.65,2.28
1436,101.84,1.0662,6.2036,2.63,2.27
1437,101.53,1.0674,6.201,2.58,2.27
1438,101.7,1.0648,6.1994,2.57,2.29
1439,101.26,1.0658,6.2023,2.55,2.28
1440,101.33,1.072,6.2034,2.53,2.28
1441,101.58,1.0721,6.2059,2.55,2.27
1442,101.62,1.0766,6.2075,2.56,2.25
1443,101.69,1.0749,6.2035,2.55,2.23
1444,101.3,1.0753,6.2033,2.47,2.23
1445,101.37,1.0737,6.2075,2.5,2.24
1446,101.34,1.0736,6.2088,2.49,2.24
1447,101.54,1.0744,6.2025,2.48,2.23
1448,101.5,1.0739,6.1982,2.48,2.23
1449,101.82,1.0741,6.1944,2.52,2.27
1450,101.81,1.0814,6.1913,2.48,2.28
1451,101.82,1.08,6.187,2.5,2.28
1452,102.12,1.0851,6.18,2.47,2.27
1453,102.9,1.0908,6.1712,2.57,2.28
1454,102.75,1.0889,6.1737,2.58,2.29
1455,102.45,1.0918,6.1793,2.52,2.27
1456,102.47,1.0916,6.178,2.51,2.25
1457,102.77,1.0969,6.1705,2.49,2.24
1458,102.34,1.0926,6.1625,2.49,2.25
1459,102.06,1.0922,6.1618,2.43,2.24
1460,101.91,1.0982,6.1557,2.44,2.25
1461,102.14,1.0933,6.1528,2.44,2.25
1462,102.22,1.0944,6.1575,2.46,2.24
1463,102.48,1.0929,6.1531,2.43,2.23
1464,102.44,1.091,6.1575,2.4,2.21
1465,102.19,1.091,6.147,2.34,2.18
1466,102.54,1.0888,6.1425,2.39,2.18
1467,102.86,1.0929,6.1425,2.4,2.17
1468,103.36,1.0944,6.1395,2.43,2.17
1469,103.78,1.0949,6.151,2.41,2.17
1470,103.97,1.0949,6.151,2.4,2.14
1471,103.96,1.098,6.154,2.39,2.15
1472,104.12,1.095,6.1522,2.39,2.14
1473,103.98,1.089,6.143,2.37,2.14
1474,103.78,1.0857,6.1423,2.34,2.13
1475,104,1.0858,6.143,2.35,2.12
1477,105.1,1.0923,6.148,2.42,2.15
1478,104.88,1.0872,6.1408,2.41,2.17
1479,105.22,1.0862,6.1383,2.45,2.17
1480,104.94,1.089,6.14,2.46,2.15
1481,105.65,1.0933,6.14,2.48,2.13
1482,106.32,1.101,6.1362,2.5,2.11
1483,106.76,1.0954,6.1284,2.54,2.1
1484,106.87,1.1032,6.1295,2.54,2.12
1485,107.24,1.1075,6.1344,2.62,2.13
1486,107.18,1.105,6.1415,2.6,2.13
1487,106.91,1.0985,6.1459,2.6,2.12
1488,107.58,1.0951,6.1385,2.62,2.06
1489,108.69,1.0946,6.14,2.63,2.02
1490,108.96,1.0968,6.1403,2.59,2.03
1491,108.88,1.1007,6.14,2.57,1.99
1492,108.82,1.1059,6.1368,2.54,2.02
1493,108.92,1.1088,6.1346,2.57,2.03
1494,108.7,1.1105,6.1355,2.52,2.02
1495,109.32,1.1162,6.1266,2.54,1.97
1496,109.34,1.1142,6.1495,2.5,1.95
1497,109.66,1.1207,6.138,2.52,1.97
1498,109.3,1.1171,6.138,2.42,1.96
1499,108.1,1.115,6.138,2.44,1.95
1500,109.7,1.1254,6.1385,2.45,1.93
1501,109.08,1.1174,6.1385,2.43,1.93
1502,108.3,1.1182,6.1385,2.36,1.92
1503,108.41,1.1181,6.1385,2.35,1.96
1504,108,1.115,6.1299,2.34,1.97
1505,107.83,1.1173,6.1308,2.31,1.96
1507,107.15,1.1235,6.125,2.21,1.92
1508,106.06,1.1291,6.1249,2.15,1.86
1509,105.98,1.1265,6.123,2.17,1.89
1510,106.72,1.1247,6.1238,2.22,1.92
1511,106.87,1.1276,6.1233,2.2,1.91
1512,106.7,1.1219,6.1205,2.23,1.9
1513,107.32,1.1218,6.118,2.25,1.91
1514,108.16,1.1236,6.119,2.29,1.91
1515,108.06,1.1211,6.1168,2.29,1.9
1516,107.71,1.1247,6.116,2.27,1.89
1517,108,1.1176,6.113,2.3,1.91
1518,108.1,1.1135,6.1107,2.34,1.92
1519,108.94,1.1191,6.114,2.32,1.9
1520,112.09,1.1272,6.1124,2.35,1.92
1521,113.92,1.1319,6.1178,2.36,1.93
1522,113.44,1.1396,6.115,2.35,1.92
1523,114.62,1.1377,6.1135,2.36,1.93
1524,114.87,1.1423,6.1117,2.39,1.94
1525,114.73,1.136,6.1225,2.32,1.94
1526,114.78,1.1344,6.119,2.38,1.94
1528,115.42,1.1284,6.1257,2.37,1.91
1529,115.63,1.1349,6.1243,2.35,1.88
1530,116.52,1.1294,6.129,2.32,1.89
1531,116.44,1.1308,6.1242,2.34,1.86
1532,116.76,1.1305,6.1208,2.32,1.84
1533,117.7,1.1349,6.119,2.36,1.83
1534,118.14,1.1311,6.123,2.34,1.85
1535,117.74,1.1237,6.1244,2.31,1.86
1536,118.39,1.1279,6.1412,2.3,1.86
1537,117.99,1.126,6.1355,2.27,1.85
1538,117.6,1.1236,6.1386,2.24,1.82
1540,118.7,1.1426,6.1429,2.18,1.79
1541,118.14,1.1343,6.1515,2.22,1.79
1542,119.1,1.1397,6.149,2.28,1.77
1543,119.82,1.1359,6.1499,2.29,1.79
1544,119.67,1.1374,6.1541,2.25,1.77
1545,121.38,1.1423,6.1497,2.31,1.75
1546,120.89,1.1473,6.1725,2.26,1.71
1547,118.87,1.1422,6.1855,2.22,1.73
1548,118.5,1.1479,6.1763,2.18,1.71
1549,119.4,1.1534,6.1881,2.19,1.7
1550,118.22,1.1538,6.1864,2.1,1.64
1551,117.75,1.1629,6.19,2.12,1.62
1552,117.28,1.1624,6.189,2.07,1.65
1553,117.64,1.1629,6.1957,2.14,1.65
1554,118.84,1.1594,6.2139,2.22,1.65
1555,119.56,1.1626,6.2196,2.17,1.68
1556,119.84,1.1644,6.2213,2.17,1.7
1557,120.68,1.1626,6.2256,2.26,1.7
1558,120.45,1.1621,6.2148,2.27,1.68
1561,120.57,1.1631,6.2222,2.22,1.65
1562,119.34,1.1597,6.2015,2.2,1.64
1563,119.85,1.1601,6.2046,2.17,1.68
1565,120.2,1.1725,6.2046,2.12,1.71
1566,119.64,1.1785,6.2201,2.04,1.64
1567,118.26,1.1802,6.2125,1.97,1.56
1568,119.52,1.1851,6.2127,1.96,1.57
1569,119.51,1.1812,6.2143,2.03,1.62
1570,118.66,1.1857,6.2085,1.98,1.62
1571,118.32,1.1929,6.2027,1.92,1.57
1572,118.16,1.1947,6.197,1.91,1.54
1573,116.78,1.1957,6.1957,1.86,1.57
1574,116.95,1.1932,6.187,1.77,1.58
1575,117.45,1.1986,6.2065,1.83,1.6
1577,118.48,1.2085,6.2137,1.82,1.59
1578,117.86,1.2377,6.2112,1.87,1.61
1579,117.92,1.237,6.2085,1.9,1.61
1580,117.8,1.24,6.2279,1.81,1.6
1581,118.38,1.2409,6.2535,1.83,1.61
1582,117.62,1.2402,6.243,1.83,1.66
1583,117.74,1.2452,6.2475,1.73,1.61
1584,118.31,1.2644,6.2463,1.77,1.62
1585,117.44,1.2716,6.2495,1.68,1.65
1586,117.33,1.2577,6.2594,1.68,1.65
1587,117.48,1.2452,6.2573,1.79,1.7
1588,117.58,1.255,6.2472,1.81,1.71
1589,117.4,1.2419,6.2516,1.83,1.7
1590,119.16,1.2524,6.2417,1.95,1.71
1591,118.7,1.2448,6.2467,1.96,1.71
1592,119.32,1.2528,6.2405,2.01,1.7
1593,120.38,1.2635,6.2422,2,1.68
1594,118.72,1.2464,6.244,1.99,1.66
1595,118.7,1.2449,6.2399,2.02,1.68
1597,118.99,1.2401,6.2546,2.14,1.71
1598,119.19,1.2456,6.2546,2.07,1.71
1599,118.84,1.2484,6.2546,2.11,1.74
1600,118.68,1.2503,6.2546,2.13,1.75
1601,118.88,1.2577,6.2546,2.06,1.72
1602,119.13,1.2601,6.2546,1.99,1.72
1603,118.88,1.2418,6.2591,1.96,1.72
1604,119.36,1.249,6.2584,2.03,1.79
1605,119.72,1.2506,6.2695,2,1.83
1606,120.06,1.2535,6.272,2.08,1.83
1607,119.47,1.245,6.2741,2.12,1.86
1608,119.76,1.2439,6.2701,2.12,1.87
1609,120.22,1.2482,6.2658,2.11,1.84
1610,120.93,1.2615,6.262,2.24,1.83
1611,121.17,1.2598,6.2635,2.2,1.76
1612,121.2,1.2633,6.2615,2.14,1.73
1613,121.5,1.2763,6.2613,2.11,1.72
1614,121.28,1.2692,6.2614,2.1,1.71
1615,121.17,1.2803,6.2585,2.13,1.69
1616,121.3,1.2763,6.262,2.1,1.65
1617,121.28,1.2769,6.249,2.06,1.64
1618,120.92,1.2771,6.2289,1.93,1.7
1619,120.9,1.2743,6.1955,1.98,1.79
1620,120.28,1.2593,6.2037,1.93,1.76
1621,119.74,1.2515,6.2135,1.92,1.75
1622,119.9,1.251,6.2046,1.88,1.77
1623,119.37,1.2513,6.2116,1.93,1.81
1624,119.01,1.2469,6.2103,2.01,1.8
1625,119.15,1.2579,6.2145,1.95,1.76
1626,120.11,1.2687,6.2065,1.96,1.73
1627,119.96,1.2681,6.199,1.94,1.76
1628,119.62,1.261,6.1976,1.87,1.8
1629,119.74,1.2584,6.1968,1.92,1.81
1630,118.96,1.2465,6.193,1.85,1.83
1631,119.05,1.245,6.193,1.92,1.85
1632,120.36,1.2488,6.1955,1.89,1.85
1633,119.96,1.2508,6.202,1.92,1.84
1634,120.32,1.258,6.205,1.97,1.84
1635,120.29,1.2596,6.2082,1.96,1.82
1636,120.32,1.2603,6.2152,1.94,1.8
1637,119.26,1.2476,6.2113,1.9,1.8
1638,119.23,1.2378,6.2037,1.91,1.84
1639,119.18,1.2206,6.1947,1.9,1.85
1640,119.02,1.2225,6.1976,1.87,1.89
1641,119.27,1.2203,6.2014,1.9,1.89
1642,119.45,1.2274,6.201,1.92,1.86
1643,119.9,1.225,6.1927,1.99,1.87
1644,119.69,1.2148,6.1975,1.96,1.89
1645,118.98,1.2168,6.193,1.93,1.89
1646,119.12,1.2106,6.2185,1.94,1.91
1647,118.8,1.2021,6.2035,2,1.89
1648,118.83,1.1955,6.1989,2.06,1.92
1649,119.86,1.2116,6.2018,2.05,1.94
1650,120.21,1.2191,6.2018,2.12,1.94
1651,120.25,1.2108,6.2085,2.16,1.92
1652,119.87,1.2038,6.2058,2.19,1.94
1653,119.42,1.2007,6.2001,2.25,1.91
1654,119.74,1.2139,6.2063,2.18,1.88
1655,119.78,1.2086,6.2084,2.16,1.88
1656,120.05,1.2107,6.2086,2.28,1.88
1657,119.8,1.1987,6.2086,2.28,1.88
1658,119.09,1.195,6.2043,2.27,1.86
1659,119.2,1.1991,6.2013,2.23,1.87
1660,119.36,1.2009,6.2051,2.14,1.83
1661,119.82,1.215,6.2041,2.23,1.86
1662,120.58,1.2213,6.2064,2.27,1.85
1663,121.28,1.2212,6.2036,2.26,1.88
1664,121.06,1.2201,6.1958,2.19,1.84
1665,121.45,1.2288,6.1972,2.21,1.87
1667,123.08,1.2428,6.2038,2.14,1.82
1668,123.76,1.2483,6.2011,2.14,1.8
1669,124.18,1.2474,6.2002,2.13,1.8
1670,123.98,1.2466,6.198,2.12,1.8
1671,124.64,1.2547,6.1985,2.19,1.8
1672,124.19,1.2425,6.198,2.27,1.83
1673,124.06,1.2437,6.1976,2.38,1.83
1674,124.56,1.2477,6.2006,2.31,1.81
1675,125.58,1.2488,6.2024,2.41,1.86
1676,125.08,1.2435,6.2053,2.39,1.85
1677,124.16,1.2316,6.2047,2.42,1.86
1678,122.72,1.2267,6.2055,2.5,1.87
1679,123.62,1.2314,6.2065,2.39,1.83
1680,123.23,1.2306,6.2081,2.39,1.84
1681,123.38,1.2321,6.208,2.36,1.85
1682,123.39,1.2328,6.2085,2.32,1.88
1683,124.25,1.2307,6.2086,2.32,1.9
1684,122.87,1.2206,6.2075,2.35,1.89
1685,122.7,1.2273,6.2085,2.26,1.86
1686,123.28,1.2286,6.2085,2.37,1.9
1687,123.71,1.2326,6.2066,2.42,1.92
1688,124.24,1.2413,6.2061,2.38,1.9
1689,123.63,1.2346,6.2084,2.4,1.91
1690,123.92,1.2358,6.208,2.49,1.92
1691,122.5,1.238,6.2085,2.33,1.87
1692,122.1,1.2473,6.2,2.35,1.87
1693,123.02,1.2559,6.2008,2.43,1.89
1694,123.14,1.2566,6.2044,2.4,1.91
1696,122.53,1.2623,6.2089,2.3,1.87
1697,122.16,1.2742,6.2097,2.27,1.87
1698,120.54,1.2724,6.2087,2.22,1.83
1699,121.22,1.2727,6.2086,2.32,1.85
1700,122.75,1.2713,6.2092,2.42,1.87
1701,123.35,1.2762,6.2081,2.44,1.86
1702,123.39,1.2746,6.2088,2.41,1.85
1703,123.89,1.2935,6.2082,2.36,1.84
1704,124.04,1.2938,6.2094,2.36,1.84
1705,124,1.2997,6.2085,2.34,1.83
1706,124.24,1.2982,6.2095,2.38,1.82
1707,123.93,1.2958,6.2095,2.35,1.82
1708,124.08,1.3023,6.2093,2.33,1.8
1709,123.88,1.303,6.2091,2.28,1.79
1710,123.74,1.3059,6.2095,2.27,1.76
1711,123.24,1.3008,6.2091,2.23,1.73
1712,123.52,1.2933,6.2084,2.26,1.75
1713,123.86,1.2893,6.2089,2.29,1.77
1714,124.38,1.3024,6.2096,2.28,1.77
1715,123.94,1.3047,6.2097,2.2,1.74
1716,123.98,1.3141,6.2087,2.16,1.7
1717,124,1.3124,6.2086,2.23,1.71
1718,124.84,1.3181,6.2096,2.28,1.7
1719,124.6,1.3152,6.2096,2.23,1.67
1720,124.27,1.3122,6.2087,2.18,1.66
1721,124.55,1.3056,6.2094,2.24,1.69
1722,124.9,1.3149,6.3232,2.15,1.66
1723,123.87,1.2973,6.3845,2.14,1.62
1724,124.32,1.3078,6.3982,2.19,1.62
1725,124.27,1.3075,6.3908,2.2,1.62
1726,124.33,1.309,6.3937,2.16,1.58
1727,124.39,1.3075,6.3928,2.2,1.58
1728,124.1,1.3165,6.3956,2.12,1.57
1729,123.54,1.3075,6.3875,2.09,1.56
1730,122.11,1.3146,6.3887,2.05,1.53
1731,118.56,1.321,6.4029,2.01,1.49
1732,119.91,1.3295,6.4122,2.12,1.53
1733,119.07,1.3301,6.4083,2.18,1.53
1734,120.89,1.3193,6.4053,2.18,1.58
1735,121.32,1.3268,6.389,2.19,1.61
1736,121.26,1.3223,6.376,2.21,1.63
1737,119.94,1.318,6.363,2.17,1.57
1738,120,1.3308,6.3544,2.2,1.56
1739,120.2,1.32,6.3549,2.18,1.54
1740,119.05,1.3272,6.3549,2.13,1.51
1742,119.72,1.3193,6.3657,2.2,1.53
1743,120.94,1.3221,6.3768,2.21,1.56
1744,120.71,1.3218,6.377,2.23,1.59
1745,120.66,1.3274,6.3735,2.2,1.59
1746,119.92,1.3265,6.3664,2.18,1.56
1747,120.3,1.3261,6.3685,2.28,1.56
1748,120.62,1.318,6.3694,2.3,1.57
1749,120.9,1.3186,6.3645,2.21,1.58
1750,119.85,1.3146,6.3628,2.13,1.55
1751,120.46,1.3249,6.3676,2.2,1.54
1752,120.04,1.3276,6.375,2.14,1.51
1753,120.12,1.3313,6.3836,2.16,1.52
1754,119.54,1.3348,6.3818,2.13,1.49
1755,120.74,1.3322,6.3737,2.17,1.46
1756,119.82,1.336,6.3685,2.1,1.39
1757,119.76,1.3414,6.3621,2.05,1.39
1758,119.81,1.3396,6.3556,2.06,1.41
1759,119.58,1.324,6.3559,2.05,1.46
1760,119.42,1.3213,6.3559,1.99,1.48
1761,120.36,1.3084,6.3559,2.07,1.51
1762,120.18,1.3056,6.3559,2.05,1.52
1763,119.9,1.3038,6.3559,2.08,1.55
1764,119.94,1.3017,6.3529,2.12,1.58
1765,120.3,1.2945,6.345,2.12,1.54
1767,119.8,1.2984,6.3417,2.06,1.52
1768,119.21,1.2983,6.3462,1.99,1.49
1769,118.26,1.2901,6.3459,2.04,1.5
1770,119.6,1.2932,6.3523,2.04,1.48
1771,119.5,1.2999,6.3591,2.04,1.45
1772,119.79,1.2974,6.348,2.08,1.48
1773,119.91,1.3117,6.3487,2.04,1.45
1774,120.5,1.3087,6.3577,2.04,1.47
1775,121.2,1.3171,6.3488,2.09,1.51
1776,120.87,1.3134,6.3517,2.07,1.48
1777,120.29,1.3242,6.3517,2.05,1.48
1778,120.56,1.3149,6.3581,2.1,1.47
1779,121.14,1.3169,6.3552,2.19,1.52
1780,120.7,1.3082,6.318,2.16,1.53
1781,120.7,1.3093,6.318,2.2,1.55
1782,121.2,1.3107,6.318,2.23,1.58
1783,121.52,1.3164,6.3357,2.25,1.57
1784,121.71,1.3162,6.318,2.26,1.55
1785,123.2,1.3307,6.318,2.34,1.59
1786,123.04,1.3274,6.3619,2.36,1.6
1787,123.22,1.3258,6.3603,2.32,1.55
1789,122.84,1.3309,6.369,2.32,1.54
1790,122.93,1.3332,6.3735,2.28,1.52
1791,123.11,1.3352,6.37,2.27,1.51
1792,123.48,1.3324,6.3771,2.25,1.53
1793,123.51,1.3351,6.3834,2.27,1.56
1794,122.71,1.3266,6.3825,2.24,1.56
1795,122.8,1.3337,6.3835,2.26,1.6
1796,123.02,1.3358,6.389,2.25,1.61
1797,122.47,1.3308,6.3883,2.24,1.62
1798,122.7,1.3298,6.3877,2.23,1.61
1800,122.84,1.336,6.3945,2.22,1.6
1801,123.22,1.3332,6.3883,2.21,1.59
1802,122.88,1.3372,6.3883,2.15,1.57
1803,123.52,1.3357,6.3883,2.18,1.56
1804,123.06,1.3393,6.3883,2.33,1.61
1805,123.1,1.3364,6.3883,2.28,1.6
1806,123.31,1.3508,6.4081,2.23,1.56
1807,123,1.3594,6.4162,2.24,1.56
1808,121.86,1.3595,6.427,2.22,1.53
1809,121.44,1.3598,6.4363,2.24,1.51
1810,120.94,1.3695,6.4538,2.13,1.46
1811,120.57,1.3732,6.4588,2.23,1.45
1812,121.66,1.3729,6.46,2.28,1.48
1813,121.88,1.3805,6.4723,2.3,1.46
1814,122.75,1.397,6.4822,2.24,1.47
1815,121.2,1.3876,6.48,2.19,1.46
1816,120.99,1.3989,6.4793,2.2,1.45
1817,120.94,1.3929,6.4778,2.24,1.46
1818,120.94,1.386,6.4763,2.27,1.51
1819,120.32,1.3847,6.4758,2.25,1.52
1821,120.3,1.3893,6.4778,2.24,1.5
1822,120.44,1.3848,6.4778,2.32,1.53
1823,120.6,1.3883,6.4896,2.31,1.54
1824,120.27,1.3839,6.4778,2.27,1.54
1826,119.3,1.397,6.5338,2.24,1.55
1827,118.95,1.3991,6.5219,2.25,1.56
1828,118.54,1.4084,6.5554,2.18,1.53
1829,118,1.4061,6.5926,2.16,1.5
1830,117.74,1.415,6.5932,2.13,1.48
1831,117.48,1.4203,6.5675,2.17,1.45
1832,117.78,1.4293,6.57,2.12,1.43
1833,118.06,1.4294,6.57,2.08,1.43
1834,118.03,1.4374,6.5891,2.1,1.43
1835,116.78,1.4531,6.584,2.03,1.36
1837,117.66,1.4513,6.5783,2.06,1.38
1838,116.38,1.4592,6.5781,2.01,1.32
1839,117.61,1.4244,6.5794,2.02,1.28
1840,118.37,1.4153,6.5788,2.07,1.35
1841,118.55,1.4248,6.579,2.03,1.34
1842,118.5,1.4062,6.5814,2.01,1.36
1843,118.9,1.404,6.5773,2.02,1.4
1844,118.61,1.4077,6.5744,2,1.42
1845,121.05,1.4074,6.5752,1.94,1.41
1846,121.06,1.4005,6.5778,1.97,1.4
1847,120.27,1.4039,6.5795,1.87,1.36
1848,117.92,1.3843,6.5765,1.88,1.38
1849,116.75,1.3724,6.5638,1.87,1.36
1850,116.99,1.3875,6.571,1.86,1.33
1851,115.7,1.3921,6.571,1.75,1.23
1852,114.8,1.386,6.571,1.74,1.21
1853,114.03,1.3969,6.571,1.71,1.21
1854,111.72,1.3933,6.571,1.63,1.18
1855,112.96,1.3834,6.571,1.74,1.25
1857,113.9,1.3857,6.5154,1.78,1.25
1858,114.14,1.3682,6.527,1.81,1.28
1859,113.62,1.3718,6.5163,1.75,1.24
1860,112.42,1.3798,6.5202,1.76,1.26
1861,113.12,1.3684,6.5197,1.77,1.31
1862,112.17,1.3791,6.5263,1.74,1.32
1863,111.36,1.3765,6.529,1.75,1.36
1864,112.7,1.3572,6.532,1.71,1.39
1865,113.78,1.3546,6.539,1.76,1.41
1866,112.9,1.3522,6.5525,1.74,1.42
1867,113.94,1.3404,6.55,1.83,1.48
1868,113.81,1.3466,6.5499,1.84,1.51
1869,113.53,1.3405,6.5312,1.83,1.53
1870,113.91,1.3337,6.5064,1.88,1.51
1871,113.6,1.33,6.5155,1.91,1.48
1872,112.58,1.3388,6.5044,1.83,1.46
1873,113.06,1.3233,6.5105,1.9,1.51
1874,113.1,1.3372,6.507,1.93,1.48
1875,113.66,1.3211,6.494,1.98,1.54
1876,113.59,1.3291,6.4984,1.97,1.52
1877,112.88,1.3355,6.511,1.97,1.5
1878,113.69,1.3364,6.5189,1.94,1.58
1879,111.3,1.2982,6.4745,1.91,1.57
1880,111.38,1.298,6.4682,1.88,1.61
1881,111.62,1.3067,6.4812,1.92,1.64
1882,111.82,1.3051,6.4876,1.94,1.63
1883,112.63,1.3199,6.5035,1.88,1.58
1884,112.64,1.327,6.5124,1.91,1.57
1886,113.29,1.3184,6.5051,1.89,1.56
1887,113.33,1.3153,6.5063,1.81,1.61
1888,112.6,1.2962,6.4648,1.83,1.65
1889,112.42,1.2969,6.448,1.78,1.62
1890,112.06,1.3047,6.4776,1.79,1.62
1891,111.18,1.3037,6.4776,1.78,1.64
1892,110.26,1.3175,6.476,1.73,1.59
1893,109.63,1.3073,6.478,1.76,1.59
1894,107.98,1.3163,6.4599,1.7,1.58
1895,108.36,1.2994,6.4628,1.72,1.58
1896,107.96,1.2912,6.458,1.73,1.56
1897,108.54,1.28,6.4639,1.79,1.57
1898,109.21,1.2789,6.4768,1.77,1.56
1899,109.2,1.2835,6.481,1.8,1.56
1900,108.76,1.2857,6.473,1.76,1.56
1901,108.85,1.2815,6.4717,1.78,1.57
1902,109.16,1.2654,6.4571,1.79,1.6
1903,109.51,1.2623,6.4675,1.85,1.62
1904,109.41,1.2713,6.481,1.88,1.64
1905,111.5,1.2672,6.5004,1.89,1.64
1906,111.08,1.2678,6.49,1.91,1.65
1907,111.23,1.2614,6.4905,1.94,1.67
1908,111.26,1.2637,6.494,1.87,1.68
1909,108.55,1.2544,6.4735,1.84,1.72
1910,106.9,1.2549,6.4738,1.83,1.71
1911,106.48,1.2544,6.4738,1.88,1.68
1912,106.34,1.2686,6.49,1.81,1.64
1913,107.12,1.2882,6.4945,1.79,1.63
1914,107.32,1.2855,6.5032,1.76,1.63
1915,106.66,1.292,6.497,1.79,1.61
1916,108.39,1.2994,6.514,1.77,1.59
1917,109.22,1.2957,6.515,1.77,1.62
1918,108.48,1.2834,6.491,1.73,1.59
1919,108.73,1.2857,6.514,1.75,1.6
1920,109.14,1.2939,6.5285,1.71,1.58
1921,108.89,1.2886,6.5184,1.75,1.6
1922,109.02,1.2884,6.517,1.76,1.61
1923,109.65,1.2924,6.537,1.87,1.61
1924,109.81,1.3114,6.544,1.85,1.56
1925,110.52,1.3136,6.5485,1.85,1.56
1926,109.47,1.3155,6.5533,1.84,1.54
1927,110,1.3117,6.5552,1.86,1.55
1928,110.22,1.3089,6.5538,1.87,1.58
1929,109.74,1.298,6.554,1.83,1.58
1930,109.86,1.3001,6.5615,1.85,1.58
1932,110.75,1.3097,6.5798,1.84,1.54
1933,109.55,1.3089,6.5748,1.85,1.54
1934,108.75,1.308,6.5815,1.81,1.54
1935,106.88,1.2947,6.5638,1.71,1.52
1936,107.33,1.2856,6.5611,1.73,1.54
1937,107.3,1.2788,6.571,1.72,1.57
1938,106.68,1.2694,6.56,1.71,1.59
1939,106.54,1.2728,6.559,1.68,1.56
1940,107.06,1.2734,6.559,1.64,1.52
1941,106.07,1.2791,6.5823,1.62,1.47
1942,106.02,1.2833,6.593,1.62,1.45
1943,105.87,1.2912,6.5785,1.6,1.47
1944,104.05,1.3039,6.5899,1.57,1.42
1945,104.2,1.2875,6.5849,1.62,1.42
1946,104.32,1.2807,6.5768,1.67,1.43
1947,104.56,1.2817,6.5893,1.71,1.43
1948,104.56,1.282,6.575,1.69,1.44
1949,105.9,1.2749,6.574,1.74,1.5
1950,102.26,1.2948,6.615,1.57,1.42
1951,101.66,1.3076,6.6481,1.46,1.34
1952,102.71,1.3086,6.645,1.46,1.37
1953,102.68,1.299,6.635,1.5,1.4
1954,102.77,1.301,6.6459,1.49,1.4
1955,102.55,1.2897,6.6547,1.46,1.43
1957,101.58,1.295,6.677,1.37,1.4
1958,101.12,1.3003,6.69,1.38,1.43
1959,100.74,1.2984,6.679,1.4,1.43
1960,100.65,1.3072,6.6878,1.37,1.43
1961,102.66,1.3125,6.6917,1.43,1.42
1962,104.72,1.3016,6.686,1.53,1.46
1963,104.1,1.2962,6.6832,1.48,1.45
1964,105.4,1.2916,6.6801,1.53,1.45
1965,105.64,1.2978,6.6865,1.6,1.49
1966,106,1.2984,6.7013,1.59,1.49
1967,106.13,1.3027,6.6931,1.56,1.44
1968,106.65,1.3037,6.676,1.59,1.46
1969,105.98,1.3056,6.6735,1.57,1.52
1970,106.22,1.3178,6.676,1.57,1.51
1971,106.02,1.3224,6.6783,1.58,1.5
1972,104.83,1.3207,6.669,1.57,1.5
1973,105.65,1.3221,6.668,1.52,1.49
1974,104.86,1.317,6.6538,1.52,1.52
1975,102.32,1.304,6.6371,1.46,1.49
1976,102.26,1.3096,6.6421,1.51,1.46
1977,100.82,1.3087,6.6239,1.55,1.44
1978,101.34,1.3078,6.632,1.55,1.46
1979,101.08,1.3025,6.6388,1.51,1.47
1980,101.74,1.3179,6.653,1.59,1.5
1981,102.53,1.3162,6.6597,1.59,1.51
1982,101.96,1.3116,6.653,1.55,1.49
1983,101.27,1.3059,6.6345,1.5,1.44
1984,101.46,1.3004,6.6274,1.57,1.47
1985,101.01,1.2943,6.6324,1.51,1.44
1986,101.02,1.2922,6.637,1.55,1.45
1987,100.28,1.2861,6.624,1.57,1.44
1988,100.24,1.2885,6.6328,1.56,1.47
1989,100.07,1.2777,6.6297,1.53,1.47
1990,100.24,1.2878,6.6515,1.58,1.48
1991,100.25,1.2942,6.6475,1.55,1.47
1992,100.2,1.2904,6.6378,1.55,1.48
1993,100.5,1.2939,6.6562,1.56,1.48
1994,100.58,1.2934,6.656,1.58,1.49
1995,101.2,1.2944,6.669,1.62,1.47
1996,102.13,1.3018,6.6775,1.57,1.46
1997,102.92,1.3075,6.6778,1.57,1.46
1998,103.38,1.3122,6.6776,1.58,1.47
1999,103.22,1.3107,6.6713,1.57,1.45
2000,104.18,1.2998,6.679,1.6,1.47
2002,102.28,1.2843,6.6722,1.55,1.49
2003,101.72,1.2895,6.66,1.54,1.51
2004,102.28,1.291,6.664,1.61,1.52
2005,102.86,1.3034,6.6778,1.67,1.5
2006,101.96,1.3076,6.6788,1.68,1.51
2007,102.14,1.3167,6.6782,1.73,1.49
2008,102.33,1.3187,6.6707,1.7,1.49
2009,102.24,1.3145,6.6707,1.71,1.49
2010,102.36,1.3212,6.6707,1.7,1.51
2011,101.82,1.318,6.665,1.7,1.5
2012,101.66,1.3228,6.67,1.69,1.49
2013,100.62,1.3186,6.6695,1.66,1.51
2014,100.8,1.3036,6.663,1.63,1.55
2015,101.04,1.3163,6.669,1.62,1.57
2016,100.34,1.3196,6.6683,1.59,1.54
2017,100.36,1.3247,6.6691,1.56,1.52
2018,100.57,1.3237,6.673,1.57,1.56
2019,101.48,1.3101,6.665,1.56,1.54
2020,101.21,1.3115,6.6685,1.6,1.6
2021,101.54,1.3138,6.6685,1.63,1.63
2022,102.66,1.3171,6.6685,1.69,1.62
2023,103.53,1.3177,6.6685,1.72,1.62
2024,104.02,1.3209,6.6685,1.75,1.64
2025,103.42,1.3306,6.6685,1.73,1.63
2027,103.36,1.3235,6.719,1.77,1.64
2028,104.48,1.3277,6.718,1.79,1.64
2029,103.62,1.3219,6.7248,1.75,1.63
2030,104.1,1.3169,6.7277,1.8,1.67
2031,103.96,1.3135,6.735,1.77,1.68
2032,103.8,1.3105,6.7401,1.75,1.66
2033,103.3,1.3105,6.737,1.76,1.68
2034,103.92,1.3197,6.7439,1.76,1.68
2035,103.96,1.3324,6.7654,1.74,1.67
2036,104.2,1.3387,6.7728,1.77,1.66
2037,104.25,1.3333,6.778,1.77,1.7
2038,104.42,1.3361,6.7706,1.79,1.71
2039,105.14,1.3385,6.7819,1.85,1.72
2040,105.4,1.3383,6.776,1.86,1.73
2041,105.07,1.3403,6.7735,1.84,1.73
2042,104.59,1.3377,6.763,1.83,1.72
2043,103.22,1.3387,6.7606,1.81,1.7
2044,103.17,1.3384,6.7612,1.82,1.68
2045,103.02,1.3413,6.7534,1.79,1.68
2046,104.6,1.338,6.774,1.83,1.71
2047,104.98,1.3335,6.784,1.88,1.73
2048,104.84,1.3406,6.7769,2.07,1.82
2049,106.56,1.3474,6.7987,2.15,1.88
2051,108.3,1.3581,6.8447,2.23,1.83
2052,108.94,1.3468,6.8556,2.23,1.82
2053,109.16,1.3415,6.877,2.22,1.83
2054,109.64,1.3429,6.8674,2.29,1.87
2055,110.51,1.3518,6.8873,2.34,1.9
2056,111.12,1.3432,6.8918,2.33,1.91
2057,110.98,1.3444,6.888,2.31,1.9
2058,112.58,1.3467,6.9195,2.36,1.92
2060,113.17,1.3512,6.9176,2.36,1.89
2061,112.36,1.3401,6.9055,2.32,1.85
2062,112.78,1.3435,6.8933,2.3,1.86
2063,114.34,1.3425,6.8837,2.37,1.94
2064,114.34,1.333,6.883,2.45,1.97
2065,113.76,1.3298,6.883,2.4,1.91
2066,114.1,1.3271,6.8775,2.39,1.94
2067,113.98,1.3279,6.879,2.39,1.95
2068,113.5,1.3251,6.878,2.34,1.92
2069,114.16,1.322,6.8771,2.4,1.95
2070,115.17,1.3162,6.9042,2.47,1.96
2071,115.34,1.3137,6.9045,2.49,1.98
2072,115.26,1.3119,6.8984,2.48,1.95
2073,115.06,1.3123,6.9025,2.54,1.94
2074,118.32,1.3397,6.941,2.6,1.9
2075,117.74,1.3339,6.958,2.6,1.86
2076,116.6,1.3395,6.9506,2.54,1.86
2077,117.86,1.3376,6.947,2.57,1.9
2078,117.79,1.3401,6.939,2.55,1.91
2079,117.48,1.347,6.9473,2.55,1.95
2080,117.22,1.3533,6.9432,2.55,1.97
2082,117.52,1.3553,6.9491,2.57,1.99
2083,117.66,1.3555,6.9559,2.51,1.95
2084,116.32,1.3488,6.9535,2.49,1.94
2085,116.78,1.3426,6.943,2.45,1.95
2087,117.68,1.3437,6.9575,2.45,1.98
2088,117.38,1.3293,6.9322,2.46,1.99
2089,115.46,1.3216,6.887,2.37,1.95
2090,116.85,1.3216,6.9176,2.42,1.96
2091,116.07,1.322,6.935,2.38,1.95
2092,115.74,1.3208,6.918,2.38,1.95
2093,116.26,1.3219,6.9365,2.38,1.99
2094,113.87,1.313,6.889,2.36,1.98
2095,115.03,1.3134,6.8985,2.4,1.99
2097,112.96,1.306,6.852,2.33,1.97
2098,113.4,1.3175,6.836,2.42,2
2099,115.3,1.3327,6.868,2.47,2.04
2101,112.9,1.3283,6.8514,2.41,2.02
2102,113.63,1.3152,6.8555,2.47,2.06
2103,113.6,1.3074,6.8812,2.53,2.08
2104,114.7,1.3104,6.8768,2.51,2.08
2105,115.16,1.3108,6.8768,2.49,2.08
2106,113.86,1.3092,6.8768,2.49,2.07
2107,112.72,1.303,6.8768,2.45,2.05
2108,113.29,1.3088,6.8768,2.48,2.05
2109,112.48,1.3018,6.8768,2.48,2.05
2110,112.42,1.3003,6.865,2.49,2.05
2111,112.32,1.3116,6.86,2.42,2.02
2112,112.14,1.3166,6.8821,2.4,2
2113,111.74,1.3156,6.87,2.34,1.96
2114,113.24,1.3139,6.866,2.4,1.99
2115,113.22,1.3073,6.8775,2.41,2.01
2116,113.79,1.3072,6.8776,2.43,2
2117,114.34,1.3092,6.8649,2.47,2.01
2118,114.17,1.3082,6.8685,2.51,2.06
2119,113.36,1.3056,6.8517,2.45,2.02
2120,112.86,1.3114,6.864,2.42,2.01
2122,113.48,1.3149,6.881,2.43,2.03
2123,113.46,1.3188,6.8765,2.42,2.04
2124,112.68,1.3109,6.8622,2.38,2.03
2125,112.26,1.3106,6.8645,2.31,2
2126,112.01,1.31,6.8675,2.36,2.01
2127,112.06,1.3247,6.8665,2.36,2.02
2128,113.66,1.3345,6.8794,2.46,2.03
2129,114.45,1.3384,6.8868,2.49,2.01
2130,114.6,1.3419,6.8954,2.49,2.04
2131,113.92,1.341,6.8955,2.49,2.01
2132,113.99,1.3413,6.9,2.52,2.03
2133,114.58,1.3479,6.9113,2.57,2.01
2134,114.71,1.3504,6.9086,2.6,2
2135,115.02,1.3468,6.905,2.58,2.01
2136,114.61,1.3453,6.905,2.62,2.01
2137,114.63,1.3462,6.913,2.6,1.99
2138,114.66,1.3451,6.9132,2.51,2.01
2139,113.02,1.3316,6.913,2.53,2.02
2140,112.67,1.3366,6.9,2.5,2.01
2141,112.59,1.3357,6.905,2.47,2
2142,111.9,1.3321,6.883,2.43,1.98
2143,111.06,1.3347,6.8785,2.4,1.97
2144,111.12,1.3332,6.8843,2.41,1.95
2145,111.03,1.3373,6.8803,2.4,1.98
2146,110.48,1.3367,6.8687,2.38,1.97
2147,110.56,1.3363,6.8779,2.42,1.97
2148,111.05,1.3372,6.8879,2.39,1.98
2149,111.36,1.3278,6.887,2.42,1.96
2150,111.41,1.3321,6.8832,2.4,1.97
2151,110.96,1.3388,6.8832,2.35,1.96
2152,110.74,1.3413,6.8832,2.36,1.96
2153,111.2,1.341,6.892,2.34,1.97
2154,111.02,1.3409,6.8955,2.34,1.95
2155,110.76,1.3396,6.8978,2.38,1.94
2156,110.95,1.3347,6.8988,2.37,1.93
2157,109.74,1.3333,6.8893,2.32,1.91
2158,109.54,1.3302,6.889,2.28,1.9
2159,109.23,1.3266,6.8865,2.24,1.92
2161,108.46,1.3277,6.88,2.26,1.88
2162,108.4,1.3381,6.8778,2.18,1.85
2163,109.06,1.3467,6.886,2.21,1.85
2164,109.34,1.3479,6.88,2.24,1.85
2165,109.08,1.3502,6.8845,2.24,1.84
2166,109.74,1.3517,6.884,2.28,1.87
2167,110.88,1.3614,6.8824,2.35,1.91
2168,111.52,1.3591,6.8918,2.32,1.9
2169,111.13,1.3664,6.8958,2.3,1.91
2170,111.44,1.3669,6.89,2.29,1.92
2171,111.78,1.3653,6.89,2.33,1.92
2172,112.06,1.3742,6.8949,2.29,1.88
2173,112.34,1.3705,6.8968,2.33,1.87
2174,112.7,1.3745,6.8959,2.36,1.86
2175,112.63,1.3699,6.9021,2.36,1.86
2176,112.84,1.3712,6.904,2.39,1.86
2177,114.19,1.3715,6.906,2.42,1.86
2178,114.02,1.3652,6.9011,2.41,1.85
2179,113.77,1.3693,6.9033,2.39,1.88
2180,113.3,1.3717,6.8972,2.33,1.84
2181,113.54,1.3648,6.89,2.34,1.82
2182,113.24,1.359,6.884,2.33,1.82
2183,111.46,1.3594,6.8773,2.22,1.78
2184,110.82,1.3604,6.888,2.23,1.8
2185,111.47,1.3537,6.883,2.23,1.82
2186,111.15,1.3503,6.8828,2.25,1.82
2187,111.64,1.3492,6.888,2.29,1.83
2188,112.02,1.3454,6.8883,2.26,1.81
2189,111.7,1.3457,6.8672,2.25,1.8
2190,111.3,1.3454,6.8525,2.25,1.81
2192,110.68,1.3462,6.8525,2.21,1.81
2193,110.71,1.3498,6.8098,2.21,1.81
2194,111.24,1.3484,6.8029,2.21,1.81
2195,110.49,1.35,6.8085,2.15,1.79
2196,110.49,1.3484,6.803,2.18,1.79
2197,109.34,1.3451,6.7945,2.14,1.77
2198,109.54,1.3514,6.7935,2.18,1.78
2199,110.1,1.3494,6.799,2.19,1.78
2200,110.61,1.3434,6.797,2.21,1.78
2201,109.72,1.3447,6.7974,2.21,1.75
2202,110.12,1.3226,6.7981,2.21,1.75
2203,109.16,1.3201,6.7888,2.15,1.71
2204,110.66,1.3286,6.8061,2.16,1.67
2205,110.84,1.3235,6.8097,2.16,1.67
2206,111.34,1.3202,6.818,2.19,1.67
2207,111.46,1.3268,6.8285,2.16,1.66
2208,111.58,1.3323,6.8275,2.16,1.66
2209,111.36,1.3236,6.8275,2.15,1.69
2210,111.26,1.3263,6.8345,2.15,1.7
2211,111.48,1.3228,6.8382,2.14,1.71
2212,112.42,1.3176,6.81,2.21,1.71
2213,112.18,1.3043,6.7984,2.22,1.73
2214,112.32,1.301,6.784,2.27,1.72
2215,112.4,1.2982,6.7793,2.31,1.73
2216,113.32,1.3,6.7984,2.35,1.75
2218,113.2,1.2998,6.7995,2.33,1.75
2219,113.28,1.2933,6.799,2.37,1.76
2220,114.1,1.287,6.8039,2.39,1.73
2221,114.08,1.2883,6.8026,2.38,1.72
2222,114.2,1.2921,6.801,2.37,1.75
2223,113.19,1.2768,6.7865,2.33,1.76
2224,113.39,1.2739,6.7825,2.35,1.77
2225,112.66,1.2655,6.7741,2.33,1.76
2226,112.76,1.2673,6.769,2.31,1.77
2227,111.89,1.2663,6.7451,2.27,1.76
2228,111.77,1.2586,6.7511,2.27,1.76
2229,111.68,1.2582,6.757,2.27,1.77
2230,111.18,1.2545,6.7663,2.24,1.76
2231,111.1,1.2519,6.7488,2.26,1.78
2232,111.57,1.2512,6.7495,2.33,1.81
2233,112.1,1.2506,6.753,2.29,1.8
2234,111.62,1.2529,6.741,2.32,1.83
2235,110.87,1.2436,6.7362,2.3,1.83
2236,110.38,1.249,6.724,2.3,1.82
2237,110.33,1.254,6.717,2.26,1.79
2238,110.43,1.2544,6.72,2.27,1.79
2239,110.12,1.2563,6.715,2.24,1.78
2240,110.76,1.2639,6.7272,2.27,1.8
2241,110.76,1.2684,6.7207,2.26,1.8
2242,110.74,1.2658,6.7049,2.29,1.83
2243,110.04,1.2711,6.672,2.24,1.82
2244,109.37,1.2705,6.646,2.2,1.8
2245,109.06,1.2689,6.6612,2.19,1.79
2246,109.48,1.2698,6.6695,2.22,1.77
2247,110.42,1.2745,6.6845,2.27,1.78
2248,110.8,1.2708,6.69,2.23,1.78
2249,109.88,1.265,6.673,2.19,1.77
2250,109.32,1.2585,6.67,2.19,1.76
2251,108.89,1.2587,6.663,2.18,1.75
2252,109.4,1.2559,6.66,2.22,1.77
2253,109.14,1.2558,6.6569,2.17,1.75
2254,109.34,1.2528,6.66,2.19,1.75
2255,109.24,1.2494,6.6465,2.17,1.75
2256,109.22,1.2492,6.6084,2.16,1.75
2257,109.02,1.2517,6.5945,2.13,1.74
2258,110.2,1.2608,6.5918,2.15,1.76
2259,110.06,1.2515,6.5888,2.12,1.76
2260,110.09,1.2372,6.5552,2.16,1.79
2262,108.94,1.2355,6.5345,2.07,1.77
2263,108.75,1.221,6.5221,2.1,1.78
2264,108.26,1.2132,6.483,2.05,1.79
2265,107.72,1.2131,6.4773,2.06,1.81
2266,109.03,1.2136,6.5254,2.14,1.83
2267,110.01,1.2154,6.5334,2.17,1.84
2268,110.58,1.2192,6.54,2.2,1.85
2269,110.66,1.2207,6.552,2.2,1.85
2270,110.84,1.2183,6.55,2.2,1.85
2271,111.48,1.2231,6.5725,2.23,1.87
2272,111.49,1.2262,6.58,2.24,1.87
2273,111.5,1.2267,6.57,2.28,1.85
2274,112.3,1.2328,6.5861,2.27,1.83
2275,112.01,1.2305,6.5899,2.26,1.84
2276,111.64,1.2347,6.6189,2.22,1.84
2277,112.16,1.2379,6.6371,2.24,1.84
2278,112.76,1.2402,6.64,2.31,1.87
2279,112.66,1.2473,6.6591,2.31,1.87
2280,112.64,1.2509,6.6533,2.33,1.84
2281,112.6,1.2507,6.6533,2.34,1.83
2282,112.8,1.2498,6.6533,2.33,1.84
2283,112.84,1.2479,6.6533,2.33,1.85
2284,112.74,1.2548,6.6533,2.35,1.86
2285,112.68,1.2543,6.6533,2.37,1.87
2287,112.15,1.2495,6.5712,2.35,1.88
2288,112.35,1.2511,6.587,2.35,1.89
2289,112.38,1.247,6.5855,2.33,1.89
2290,111.94,1.2494,6.5785,2.28,1.85
2291,111.72,1.2531,6.5885,2.3,1.84
2292,112.32,1.2567,6.622,2.3,1.82
2293,112.94,1.2473,6.625,2.34,1.84
2294,112.54,1.2487,6.6126,2.33,1.84
2295,113.5,1.2618,6.6185,2.39,1.87
2296,113.66,1.2644,6.638,2.38,1.86
2297,113.92,1.266,6.6335,2.42,1.87
2298,113.7,1.2799,6.635,2.44,1.88
2299,113.72,1.2821,6.6392,2.46,1.89
2300,113.82,1.2871,6.6498,2.42,1.88
2301,113.26,1.2835,6.6498,2.37,1.87
2302,113.63,1.2894,6.6328,2.38,1.88
2303,114.04,1.289,6.6018,2.37,1.88
2304,113.84,1.2808,6.6068,2.35,1.87
2305,114.25,1.2769,6.636,2.34,1.86
2306,113.9,1.274,6.6311,2.32,1.86
2307,113.9,1.2791,6.638,2.32,1.88
2308,113.62,1.2727,6.6249,2.32,1.87
2309,113.4,1.2693,6.6378,2.33,1.87
2311,113.62,1.2735,6.6385,2.4,1.88
2312,113.5,1.2731,6.635,2.38,1.87
2313,113.15,1.2783,6.62,2.33,1.85
2314,112.89,1.2736,6.6273,2.37,1.84
2315,111.98,1.2785,6.6245,2.35,1.86
2316,112.49,1.2795,6.6245,2.37,1.85
2317,112.46,1.2768,6.6265,2.36,1.84
2318,111.62,1.2728,6.6086,2.32,1.84
2320,111.54,1.2705,6.5998,2.34,1.84
2321,111,1.2745,6.5967,2.32,1.83
2322,111.13,1.2804,6.6044,2.34,1.84
2323,111.75,1.285,6.6091,2.37,1.84
2324,112.3,1.2884,6.609,2.42,1.86
2325,111.88,1.2705,6.6137,2.37,1.86
2326,112.8,1.2696,6.6185,2.37,1.87
2327,112.76,1.269,6.617,2.36,1.86
2328,112.32,1.2788,6.6136,2.33,1.86
2329,112.7,1.2832,6.6173,2.37,1.87
2330,113.55,1.2867,6.6199,2.38,1.88
2331,113.34,1.2845,6.6175,2.39,1.88
2332,113.62,1.2884,6.621,2.4,1.89
2333,113.19,1.2872,6.6171,2.36,1.88
2334,112.56,1.2849,6.6091,2.35,1.87
2335,112.68,1.2846,6.6088,2.35,1.88
2336,112.4,1.2856,6.6088,2.39,1.89
2337,112.98,1.29,6.6088,2.46,1.91
2338,113.29,1.2846,6.5771,2.49,1.92
2339,113.42,1.2717,6.5833,2.48,1.93
2340,113.3,1.2748,6.575,2.48,1.94
2342,113.2,1.2685,6.5429,2.47,1.94
2343,113.28,1.2645,6.556,2.42,1.94
2344,112.85,1.2586,6.5322,2.43,1.96
2345,112.69,1.2517,6.5063,2.4,1.96
2347,112.18,1.2507,6.491,2.46,2
2348,112.28,1.2534,6.501,2.44,1.98
2349,112.78,1.2522,6.4915,2.46,2.01
2350,113.18,1.2396,6.4875,2.47,2.01
2351,113.08,1.2424,6.497,2.49,2.02
2352,112.57,1.2457,6.5263,2.55,2.03
2353,111.48,1.2485,6.5055,2.55,2.03
2354,111.35,1.2526,6.4956,2.54,2
2355,111.23,1.2517,6.4607,2.55,2.01
2357,110.74,1.2422,6.4395,2.54,2.03
2358,110.81,1.2443,6.433,2.57,2.04
2359,110.88,1.2442,6.4175,2.62,2.05
2360,110.56,1.2456,6.399,2.64,2.06
2361,111.15,1.246,6.4035,2.66,2.06
2362,110.46,1.2455,6.4,2.63,2.06
2363,109.15,1.2357,6.365,2.65,2.07
2364,108.7,1.2315,6.3189,2.63,2.07
2365,108.38,1.232,6.3199,2.66,2.09
2366,109.12,1.2339,6.3328,2.7,2.09
2367,108.9,1.234,6.3199,2.73,2.1
2368,109.31,1.2293,6.2841,2.72,2.11
2369,109.5,1.228,6.2969,2.78,2.11
2370,110.4,1.2393,6.2984,2.84,2.14
2371,110.09,1.2483,6.285,2.77,2.1
2372,109.18,1.2537,6.283,2.79,2.1
2373,109.53,1.2545,6.2649,2.84,2.1
2374,109,1.2603,6.3222,2.85,2.09
2375,108.44,1.2599,6.2966,2.83,2.05
2376,108.72,1.2612,6.325,2.86,2.07
2377,107.59,1.26,6.338,2.83,2.05
2378,107,1.2564,6.3438,2.91,2.09
2379,106.36,1.2517,6.3438,2.9,2.11
2380,106.1,1.2532,6.3438,2.87,2.09
2382,107.23,1.2624,6.3351,2.88,2.1
2383,107.64,1.2678,6.3351,2.94,2.12
2384,106.96,1.2705,6.3471,2.92,2.11
2385,106.64,1.2659,6.3329,2.88,2.12
2386,106.96,1.2691,6.3115,2.86,2.13
2387,107.47,1.2748,6.3169,2.9,2.13
2388,106.62,1.2806,6.328,2.87,2.12
2389,106.91,1.284,6.3565,2.81,2.1
2390,105.65,1.2882,6.3428,2.86,2.12
2391,105.97,1.2982,6.3491,2.88,2.13
2392,106.03,1.2892,6.3093,2.88,2.12
2393,105.94,1.2993,6.3225,2.89,2.13
2394,106.08,1.2936,6.3389,2.86,2.11
2395,106.74,1.2822,6.3285,2.9,2.12
2396,106.52,1.2835,6.327,2.87,2.1
2397,106.64,1.2925,6.318,2.84,2.09
2398,106.17,1.2946,6.314,2.81,2.07
2399,106.07,1.3053,6.3202,2.82,2.08
2400,106.1,1.3096,6.33,2.85,2.08
2401,105.83,1.3089,6.3291,2.85,2.08
2402,106.42,1.3083,6.3328,2.89,2.08
2403,106.3,1.2957,6.32,2.89,2.09
2404,105.34,1.293,6.331,2.83,2.08
2405,104.83,1.287,6.311,2.82,2.07
2406,105,1.2866,6.2685,2.85,2.08
2407,105.72,1.2841,6.2781,2.78,2.07
2408,106.3,1.2886,6.2946,2.77,2.05
2409,106.27,1.2901,6.2876,2.74,2.05
2411,105.99,1.2918,6.2785,2.73,2.05
2412,106.45,1.28,6.2881,2.79,2.08
2413,106.56,1.2801,6.3045,2.79,2.08
2414,107.48,1.2777,6.3045,2.83,2.08
2415,107.03,1.2763,6.3045,2.77,2.07
2416,107.06,1.27,6.3035,2.78,2.07
2417,107.3,1.2609,6.2798,2.8,2.08
2418,106.78,1.2581,6.2655,2.79,2.11
2419,107.3,1.2583,6.2876,2.83,2.13
2420,107.52,1.2604,6.2725,2.82,2.13
2421,107.26,1.258,6.2752,2.83,2.12
2422,107.09,1.2548,6.2804,2.82,2.14
2423,107.26,1.2636,6.2722,2.87,2.16
2424,107.42,1.2638,6.2765,2.92,2.17
2425,107.6,1.274,6.2945,2.96,2.17
2426,108.62,1.2845,6.3158,2.98,2.18
2427,109.03,1.2823,6.3035,3,2.17
2428,109.33,1.2871,6.3236,3.03,2.17
2429,109.3,1.2867,6.334,3,2.18
2430,109.12,1.2862,6.3325,2.96,2.17
2431,109.28,1.2818,6.3325,2.95,2.17
2432,109.69,1.2873,6.3325,2.97,2.16
2433,109.89,1.2848,6.361,2.97,2.17
2434,109.06,1.2878,6.352,2.94,2.16
2435,109.16,1.2848,6.3589,2.95,2.16
2436,109.14,1.285,6.364,2.95,2.17
2437,109.16,1.2967,6.369,2.97,2.16
2438,109.68,1.2852,6.3585,3,2.18
2439,109.53,1.2787,6.344,2.97,2.17
2440,109.26,1.2781,6.3333,2.97,2.15
2441,109.52,1.2761,6.336,3,2.15
2442,110.25,1.2868,6.376,3.08,2.18
2443,110.22,1.2828,6.3706,3.09,2.17
2444,110.76,1.2815,6.3645,3.11,2.16
2445,110.71,1.2892,6.3768,3.06,2.15
2446,111.08,1.2835,6.3815,3.06,2.16
2447,110.94,1.2775,6.366,3.06,2.15
2448,110.05,1.2882,6.3875,3.01,2.14
2449,109.3,1.2907,6.3757,2.98,2.12
2450,109.35,1.2972,6.3903,2.93,2.09
2452,108.62,1.3027,6.4162,2.77,2.04
2453,109.04,1.2842,6.4175,2.84,2.06
2454,108.73,1.297,6.4096,2.83,2.07
2455,109.49,1.2948,6.418,2.89,2.09
2456,109.66,1.2922,6.405,2.94,2.12
2457,109.63,1.3008,6.4042,2.92,2.13
2458,110,1.2907,6.385,2.97,2.14
2459,109.92,1.2988,6.389,2.93,2.13
2460,109.45,1.2956,6.4031,2.93,2.11
2461,109.94,1.298,6.4,2.96,2.13
2462,110.22,1.2987,6.3992,2.96,2.13
2463,110.41,1.2963,6.3944,2.98,2.12
2464,110.44,1.307,6.398,2.94,2.12
2465,110.58,1.3167,6.4379,2.93,2.12
2466,110.44,1.3229,6.4379,2.92,2.12
2467,110.02,1.3263,6.4802,2.89,2.12
2468,110.14,1.3291,6.4713,2.93,2.12
2469,110.05,1.3319,6.49,2.9,2.11
2470,109.98,1.3318,6.5027,2.9,2.12
2471,109.62,1.3313,6.536,2.87,2.1
2472,109.92,1.3293,6.5759,2.88,2.12
2473,110.34,1.33,6.5992,2.83,2.11
2474,110.38,1.3253,6.6235,2.84,2.1
2475,110.71,1.314,6.6171,2.85,2.11
2476,110.73,1.3213,6.6632,2.87,2.14
2477,110.54,1.315,6.6368,2.83,2.12
2479,110.59,1.3121,6.6341,2.84,2.13
2480,110.48,1.309,6.6396,2.82,2.12
2481,110.78,1.3111,6.6123,2.86,2.13
2482,111.24,1.312,6.6296,2.87,2.13
2483,111.52,1.3127,6.6764,2.85,2.11
2484,112.41,1.3158,6.663,2.85,2.1
2485,112.38,1.3168,6.69,2.83,2.11
2486,112.29,1.3131,6.6866,2.85,2.1
2487,112.79,1.3198,6.7018,2.86,2.09
2488,112.82,1.3203,6.7161,2.88,2.09
2489,112.98,1.3271,6.7701,2.84,2.09
2490,111.74,1.3155,6.7659,2.89,2.11
2491,111.36,1.315,6.7927,2.96,2.11
2492,111.27,1.3165,6.7912,2.95,2.11
2493,111.02,1.3104,6.7658,2.94,2.13
2494,111.2,1.308,6.7865,2.98,2.11
2495,110.94,1.3057,6.8097,2.96,2.12
2496,110.98,1.3013,6.8102,2.98,2.13
2497,111.88,1.3017,6.8038,2.96,2.12
2498,111.72,1.3006,6.8154,3,2.13
2499,111.48,1.3004,6.838,2.98,2.12
2500,111.12,1.2975,6.8309,2.95,2.12
2501,111.43,1.2997,6.85,2.94,2.11
2502,111.19,1.3017,6.828,2.98,2.13
2503,110.96,1.3061,6.8344,2.96,2.11
2504,110.9,1.3046,6.8199,2.93,2.11
2505,110.66,1.3126,6.8458,2.87,2.09
2506,110.65,1.3138,6.888,2.88,2.1
2507,110.92,1.3107,6.8809,2.89,2.09
2508,110.62,1.3155,6.933,2.86,2.08
2509,110.89,1.3144,6.8792,2.87,2.08
2510,110.54,1.308,6.874,2.87,2.08
2511,110.38,1.3085,6.8546,2.82,2.07
2512,110.48,1.3048,6.8444,2.85,2.08
2513,110.54,1.3014,6.84,2.82,2.08
2514,111.14,1.3057,6.8748,2.82,2.09
2515,111.22,1.3022,6.803,2.82,2.09
2516,111.09,1.2966,6.8145,2.85,2.11
2517,111.04,1.2925,6.8018,2.88,2.11
2518,111.8,1.2941,6.819,2.89,2.12
2519,111.17,1.2991,6.8415,2.86,2.1
2520,110.98,1.3072,6.83,2.86,2.08
2522,111.44,1.3182,6.8427,2.9,2.1
2523,111.47,1.3191,6.827,2.9,2.09
2524,110.87,1.3212,6.8322,2.88,2.08
2525,111.18,1.317,6.8419,2.94,2.1
2526,111.09,1.3159,6.8545,2.94,2.1
2527,111.54,1.3131,6.8704,2.98,2.12
2528,111.29,1.3005,6.8574,2.97,2.12
2529,111.92,1.3005,6.8407,2.97,2.1
2530,112.09,1.3029,6.8673,2.99,2.1
2531,111.97,1.3017,6.854,2.99,2.1
2532,112.3,1.2977,6.8591,3.05,2.13
2533,112.21,1.2939,6.8466,3.08,2.15
2534,112.58,1.2918,6.8455,3.07,2.15
2535,112.62,1.2912,6.8559,3.07,2.15
2536,112.62,1.2934,6.8559,3.08,2.16
2537,112.88,1.2944,6.8632,3.1,2.16
2538,112.92,1.2963,6.8763,3.06,2.14
2539,113.38,1.3036,6.888,3.06,2.15
2540,113.48,1.2922,6.868,3.05,2.14
2541,113.96,1.2799,6.868,3.09,2.14
2542,113.66,1.2815,6.868,3.05,2.12
2543,114.19,1.2826,6.868,3.15,2.16
2544,113.79,1.2903,6.868,3.19,2.16
2545,113.56,1.2948,6.868,3.23,2.16
2547,113.13,1.2959,6.9217,3.21,2.17
2548,112.71,1.2985,6.9224,3.22,2.16
2549,112.26,1.3037,6.888,3.14,2.12
2550,112.02,1.3023,6.9182,3.15,2.12
2551,111.82,1.2966,6.9131,3.16,2.13
2552,112.16,1.2935,6.9102,3.16,2.13
2553,112.21,1.2985,6.9263,3.19,2.13
2554,112.11,1.3059,6.9367,3.17,2.1
2555,112.52,1.3101,6.9291,3.2,2.11
2556,112.78,1.3104,6.9446,3.2,2.11
2557,112.12,1.3101,6.9373,3.17,2.09
2558,112.58,1.2994,6.942,3.1,2.07
2559,112.54,1.3066,6.9477,3.14,2.05
2560,111.65,1.31,6.9425,3.08,2.06
2561,112.49,1.3129,6.9605,3.08,2.06
2562,112.76,1.3133,6.9663,3.12,2.05
2563,112.86,1.3129,6.9737,3.15,2.05
2564,112.79,1.3108,6.9205,3.14,2.02
2565,113.09,1.3108,6.8894,3.22,2.06
2566,113.22,1.3098,6.9249,3.2,2.06
2567,113.38,1.3132,6.9172,3.22,2.07
2568,113.32,1.3108,6.9174,3.22,2.07
2569,113.87,1.3115,6.9318,3.24,2.07
2570,113.77,1.323,6.9553,3.19,2.04
2572,113.97,1.3223,6.9546,3.14,2.02
2573,113.7,1.3237,6.95,3.12,2
2574,113.46,1.3193,6.938,3.11,2
2575,112.76,1.3174,6.9367,3.08,2.02
2576,112.54,1.3187,6.9398,3.06,1.99
2577,112.66,1.3245,6.9448,3.06,1.97
2578,113.06,1.3274,6.9248,3.06,1.97
2580,112.83,1.3226,6.9477,3.05,1.96
2581,113.58,1.3237,6.9397,3.07,1.96
2582,113.84,1.3313,6.9498,3.06,1.91
2583,113.96,1.3328,6.9534,3.06,1.94
2584,113.42,1.3278,6.9419,3.03,1.98
2585,113.54,1.3282,6.9558,3.01,1.97
2586,113.54,1.319,6.8798,2.98,1.96
2587,112.93,1.3202,6.8343,2.91,1.94
2589,112.46,1.3417,6.8816,2.87,1.9
2590,112.6,1.3302,6.8733,2.85,1.89
2591,112.96,1.3385,6.9077,2.85,1.86
2592,113.41,1.3408,6.8968,2.89,1.83
2593,113.28,1.3336,6.8778,2.91,1.83
2594,113.66,1.3349,6.8798,2.91,1.83
2595,113.35,1.3387,6.905,2.89,1.82
2596,112.96,1.339,6.8962,2.86,1.81
2597,112.54,1.3466,6.8939,2.82,1.81
2598,112.15,1.3434,6.8918,2.77,1.8
2599,111.34,1.3515,6.8834,2.79,1.76
2600,111.14,1.357,6.9048,2.79,1.77
2603,110.45,1.3576,6.8847,2.81,1.77
2604,110.78,1.365,6.8649,2.77,1.74
2605,110.34,1.3629,6.8755,2.72,1.73
2606,109.7,1.3644,6.8755,2.69,1.71
2608,109.22,1.3591,6.8597,2.66,1.7
2609,108.07,1.3484,6.8708,2.56,1.68
2610,108.29,1.3399,6.8663,2.67,1.76
2611,108.62,1.3297,6.8501,2.7,1.78
2612,108.57,1.3307,6.8519,2.73,1.82
2613,108.38,1.3212,6.8117,2.74,1.83
2614,108.29,1.3232,6.7875,2.74,1.81
2615,108.34,1.3256,6.7596,2.71,1.83
2617,108.72,1.3272,6.7595,2.72,1.81
2618,108.84,1.3243,6.7532,2.73,1.82
2619,109.01,1.3296,6.7735,2.75,1.79
2620,109.79,1.3262,6.7765,2.79,1.83
2622,109.34,1.3333,6.8072,2.74,1.79
2623,109.44,1.3362,6.7897,2.76,1.8
2624,109.72,1.3342,6.7835,2.72,1.77
2625,109.6,1.3259,6.7448,2.76,1.79
2626,109.2,1.3269,6.7437,2.75,1.78
2627,109.36,1.3264,6.7304,2.72,1.78
2628,109.57,1.3189,6.7115,2.7,1.84
2629,108.84,1.314,6.6958,2.63,1.85
2630,109.55,1.3095,6.7426,2.7,1.88
2631,109.96,1.3127,6.7426,2.73,1.87
2632,109.99,1.3132,6.7426,2.71,1.87
2633,109.75,1.3192,6.7426,2.7,1.86
2634,109.7,1.3296,6.7426,2.65,1.84
2635,109.76,1.3277,6.7426,2.63,1.82
2636,110.4,1.3296,6.7907,2.65,1.82
2637,110.5,1.3244,6.7726,2.68,1.83
2638,110.86,1.3222,6.7598,2.71,1.86
2639,110.68,1.3307,6.7711,2.66,1.85
2640,110.54,1.3272,6.768,2.66,1.86
2642,110.68,1.3248,6.756,2.65,1.87
2644,110.72,1.3192,6.7195,2.69,1.91
2645,110.7,1.3188,6.7112,2.65,1.91
2646,111.07,1.3183,6.6844,2.67,1.92
2647,110.76,1.3175,6.698,2.64,1.92
2648,110.92,1.3145,6.6822,2.69,1.93
2649,111.38,1.3166,6.6912,2.73,1.95
2650,111.89,1.3277,6.7048,2.76,1.96
2651,111.68,1.3329,6.7045,2.72,1.94
2652,111.98,1.3352,6.706,2.72,1.93
2653,111.66,1.3445,6.7099,2.69,1.91
2654,111.6,1.342,6.7132,2.64,1.9
2655,111.11,1.3426,6.7201,2.62,1.9
2656,111.21,1.3418,6.7215,2.64,1.91
2657,111.38,1.338,6.707,2.61,1.9
2658,111.23,1.3318,6.7064,2.61,1.92
2659,111.71,1.3316,6.7209,2.63,1.94
2660,111.57,1.3337,6.7129,2.59,1.94
2661,111.41,1.3342,6.7121,2.6,1.96
2662,111.38,1.3294,6.7106,2.61,1.95
2663,111.41,1.3327,6.6916,2.54,1.96
2664,110.86,1.3369,6.6952,2.54,1.96
2665,109.76,1.3406,6.7162,2.44,1.9
2666,110.09,1.3418,6.7079,2.43,1.88
2667,110.5,1.3389,6.7145,2.41,1.86
2668,110.38,1.3434,6.7262,2.39,1.84
2669,110.54,1.3424,6.7381,2.39,1.83
2670,110.68,1.336,6.7112,2.41,1.88
2671,111.29,1.3344,6.7102,2.49,1.9
2672,111.32,1.3357,6.7223,2.48,1.9
2673,111.48,1.3315,6.7098,2.52,1.91
2674,111.55,1.3357,6.7167,2.51,1.9
2675,111.71,1.3387,6.7182,2.5,1.9
2676,111.47,1.3316,6.7158,2.52,1.91
2677,111.08,1.332,6.7111,2.51,1.91
2678,110.92,1.3322,6.7153,2.48,1.94
2679,111.48,1.3379,6.7188,2.51,1.94
2680,112,1.3332,6.7039,2.56,1.95
2681,112,1.3372,6.7072,2.55,1.94
2682,111.95,1.335,6.7112,2.6,1.96
2683,112,1.3345,6.687,2.59,1.94
2684,111.94,1.3372,6.7081,2.57,1.95
2686,111.94,1.3352,6.7112,2.59,1.95
2687,111.86,1.342,6.7249,2.57,1.95
2688,111.81,1.3465,6.7207,2.53,1.96
2689,111.59,1.3494,6.7418,2.54,1.98
2690,111.6,1.3459,6.7282,2.51,1.97
2691,111.8,1.3448,6.7332,2.54,1.96
2692,111.4,1.3427,6.7347,2.51,1.95
2693,111.18,1.3417,6.7319,2.52,1.93
2694,111.39,1.3468,6.7337,2.55,1.89
2695,111.28,1.3425,6.7337,2.54,1.91
2696,110.86,1.3446,6.7602,2.51,1.91
2697,110.34,1.3472,6.7755,2.45,1.87
2698,110.12,1.3458,6.7818,2.49,1.87
2699,109.55,1.349,6.8256,2.45,1.85
2700,109.56,1.3428,6.8217,2.47,1.88
2701,109.18,1.3467,6.8765,2.4,1.85
2702,109.68,1.3466,6.8737,2.42,1.86
2703,109.58,1.3432,6.8742,2.37,1.83
2704,109.89,1.3433,6.8832,2.4,1.84
2705,109.9,1.3477,6.9182,2.39,1.81
2706,109.96,1.3432,6.9111,2.41,1.81
2707,110.6,1.3425,6.9007,2.43,1.83
2708,110.28,1.3417,6.9054,2.39,1.79
2709,109.58,1.3471,6.9087,2.31,1.73
2710,109.38,1.3454,6.8997,2.32,1.76
2712,109.49,1.3473,6.9078,2.26,1.73
2713,109.24,1.3533,6.9138,2.25,1.75
2714,109.67,1.3508,6.9011,2.22,1.74
2715,108.66,1.3523,6.9027,2.14,1.74
2716,108.39,1.3471,6.9028,2.07,1.73
2717,108.3,1.3417,6.9072,2.12,1.74
2718,108.2,1.3409,6.9084,2.12,1.75
2719,108.08,1.3374,6.9082,2.12,1.73
2720,108.15,1.3287,6.9057,2.09,1.74
2721,108.56,1.3259,6.9298,2.15,1.73
2722,108.52,1.3291,6.9107,2.15,1.72
2723,108.42,1.3298,6.9161,2.13,1.71
2724,108.44,1.333,6.9212,2.1,1.68
2725,108.44,1.3382,6.9247,2.09,1.63
2726,108.56,1.3398,6.9251,2.09,1.61
2727,108.39,1.3396,6.9002,2.06,1.64
2728,108.36,1.3362,6.8996,2.03,1.67
2729,107.52,1.3208,6.851,2.01,1.74
2730,107.55,1.3217,6.8686,2.07,1.73
2731,107.36,1.3196,6.8758,2.02,1.71
2732,106.92,1.3164,6.8791,2,1.67
2733,107.64,1.3109,6.8781,2.05,1.7
2734,107.73,1.3115,6.8762,2.01,1.68
2735,107.84,1.3091,6.865,2,1.69
2736,108.42,1.3124,6.8487,2.03,1.69
2737,107.98,1.3117,6.8717,1.98,1.65
2738,107.84,1.307,6.8806,1.96,1.65
2740,108.55,1.3108,6.8925,2.04,1.69
2741,108.72,1.3088,6.8808,2.05,1.7
2742,108.78,1.3123,6.8866,2.07,1.71
2743,108.44,1.3099,6.8705,2.07,1.74
2744,108.29,1.3071,6.8682,2.13,1.77
2745,108,1.3042,6.8796,2.12,1.77
2746,107.89,1.3036,6.8769,2.09,1.77
2747,108.35,1.3043,6.8753,2.13,1.8
2748,108.1,1.3041,6.8731,2.06,1.75
2749,107.74,1.309,6.8788,2.04,1.79
2750,107.78,1.3081,6.8812,2.05,1.8
2751,107.91,1.3115,6.8803,2.05,1.79
2752,108.06,1.3138,6.8787,2.08,1.81
2753,108.08,1.3134,6.8717,2.05,1.79
2754,108.58,1.3145,6.8714,2.08,1.8
2755,108.69,1.3187,6.8785,2.08,1.78
2756,108.86,1.3151,6.8927,2.06,1.77
2757,108.66,1.3169,6.8833,2.06,1.78
2758,108.58,1.3143,6.8833,2.02,1.76
2759,108.28,1.3202,6.8972,1.9,1.7
2760,106.64,1.3217,6.9387,1.86,1.66
2761,106.02,1.3196,7.0481,1.75,1.6
2762,106.45,1.3252,7.0192,1.73,1.62
2763,105.62,1.333,7.0592,1.71,1.62
2764,106.04,1.3241,7.044,1.72,1.65
2765,105.3,1.3226,7.0613,1.74,1.66
2766,105.38,1.3232,7.0578,1.65,1.61
2767,106.6,1.3221,7.0423,1.68,1.63
2768,105.79,1.332,7.0224,1.59,1.57
2769,106.12,1.3322,7.0327,1.52,1.54
2770,106.34,1.328,7.0413,1.55,1.54
2771,106.5,1.3306,7.0499,1.6,1.56
2772,106.35,1.3331,7.0597,1.55,1.53
2773,106.52,1.3275,7.0623,1.59,1.54
2774,106.44,1.3295,7.0829,1.62,1.55
2775,105.3,1.3319,7.0928,1.52,1.54
2776,106,1.3282,7.1503,1.54,1.54
2777,105.8,1.3274,7.1603,1.49,1.55
2778,105.86,1.3299,7.1628,1.47,1.55
2779,106.5,1.3299,7.1434,1.5,1.59
2780,106.3,1.329,7.1543,1.5,1.55
2782,105.88,1.3332,7.1786,1.47,1.5
2783,106.28,1.3248,7.144,1.47,1.51
2784,106.96,1.3238,7.1468,1.57,1.56
2785,106.8,1.317,7.1131,1.55,1.54
2786,107.14,1.314,7.121,1.63,1.57
2787,107.34,1.3141,7.1121,1.72,1.6
2788,107.73,1.3199,7.1153,1.75,1.6
2789,107.97,1.3209,7.0787,1.79,1.63
2790,108.12,1.3268,7.0754,1.9,1.67
2791,107.94,1.324,7.0659,1.84,1.67
2792,108.12,1.3249,7.0905,1.81,1.66
2793,108.17,1.3283,7.0849,1.8,1.59
2794,108,1.3258,7.0959,1.79,1.61
2795,107.95,1.3268,7.0909,1.74,1.61
2796,107.47,1.3271,7.1168,1.72,1.61
2797,107.32,1.3253,7.1138,1.64,1.58
2798,107.78,1.3279,7.1313,1.73,1.6
2799,107.67,1.3271,7.13,1.7,1.57
2800,108.05,1.325,7.1218,1.69,1.53
2801,108.11,1.3243,7.1477,1.68,1.53
2802,107.7,1.3235,7.1473,1.65,1.52
2803,107.21,1.3313,7.1473,1.6,1.5
2804,106.76,1.3323,7.1473,1.54,1.48
2805,106.91,1.3332,7.1473,1.52,1.5
2806,107.06,1.3305,7.1473,1.56,1.51
2807,107.06,1.3332,7.1422,1.54,1.48
2808,107.43,1.3327,7.1316,1.59,1.49
2809,107.91,1.3274,7.1153,1.67,1.52
2810,108.52,1.3181,7.0868,1.76,1.56
2812,108.83,1.3199,7.0814,1.77,1.56
2813,108.71,1.3191,7.092,1.75,1.57
2814,108.51,1.3136,7.0766,1.76,1.59
2815,108.44,1.3134,7.0805,1.76,1.6
2816,108.57,1.31,7.0748,1.8,1.61
2817,108.56,1.3086,7.0761,1.78,1.61
2818,108.64,1.3089,7.0624,1.77,1.61
2819,108.62,1.3078,7.0684,1.77,1.62
2820,108.75,1.3064,7.0647,1.8,1.65
2821,109.02,1.3063,7.067,1.85,1.64
2822,108.83,1.3078,7.0655,1.84,1.61
2823,108.88,1.3179,7.0541,1.78,1.57
2824,108.09,1.3144,7.0379,1.69,1.54
2825,108.16,1.3145,7.0368,1.73,1.59
2826,108.56,1.3145,7.03,1.79,1.64
2827,109.13,1.3176,7.0082,1.86,1.68
2828,108.86,1.3187,6.9968,1.81,1.66
2829,109.42,1.3177,6.9766,1.92,1.69
2830,109.14,1.3218,6.9954,1.94,1.71
2832,109.09,1.3227,7.0066,1.92,1.7
2833,108.83,1.3239,7.0223,1.88,1.66
2834,108.33,1.3251,7.0195,1.82,1.62
2835,108.8,1.3228,7.0075,1.84,1.63
2836,108.61,1.321,7.0246,1.81,1.63
2837,108.59,1.3233,7.0263,1.79,1.63
2838,108.67,1.3317,7.0344,1.73,1.6
2839,108.53,1.3277,7.0285,1.77,1.63
2840,108.67,1.3293,7.0389,1.77,1.62
2841,108.95,1.3312,7.0349,1.76,1.62
2842,109.11,1.3285,7.0319,1.74,1.62
2843,109.38,1.3284,7.028,1.77,1.63
2845,109.47,1.3291,7.0308,1.78,1.61
2846,109.09,1.3298,7.038,1.83,1.65
2847,108.53,1.3298,7.0609,1.72,1.63
2848,108.87,1.3212,7.0489,1.77,1.66
2849,108.69,1.3177,7.0445,1.8,1.67
2850,108.66,1.3255,7.0348,1.84,1.69
2851,108.59,1.3228,7.0389,1.83,1.69
2852,108.73,1.3231,7.0328,1.85,1.71
2853,108.67,1.3202,7.0384,1.79,1.69
2854,109.16,1.3185,6.9925,1.9,1.72
2855,109.28,1.3196,6.9925,1.82,1.7
2856,109.64,1.3158,6.9921,1.89,1.73
2857,109.52,1.3155,6.9967,1.89,1.75
2858,109.58,1.3117,7.0029,1.92,1.76
2859,109.23,1.3122,7.0097,1.92,1.77
2860,109.45,1.317,7.0063,1.92,1.77
2861,109.39,1.3167,7.0124,1.93,1.75
2862,109.38,1.316,7.0064,1.9,1.75
2864,109.67,1.3124,6.9949,1.9,1.74
2865,109.47,1.3073,6.9954,1.88,1.73
2866,108.85,1.3058,6.9864,1.9,1.75
2867,108.67,1.2962,6.9618,1.92,1.77
